ドメイン,意味,関連ワード
h-karin.jp,鶯谷ラブホテル・レジャーホテル「カリン」,
jindaiko-honpo.jp,鉋(かんな) 鑿(のみ) 彫刻刀などの本格大工道具の販売｜陣太鼓本舗 【株式会社久住】,大工道具 / 工具 / 販売
knox-armour.jp,繝舌う繧ｯ逕ｨ繝励Ο繝?け繧ｷ繝ｧ繝ｳ繧ｰ繝ｭ繝ｼ繝? | KNOX(繝弱ャ繧ｯ繧ｹ),
wakayama-aridaiju.jp,和歌山県有田市移住サイト【ありたーん】,
wpa-pharmacy.jp,和歌山県薬局機能情報提供システム,
roudou-hoken.jp,労働保険.JP,労働保険 / 制度 / 情報
ryokucha-meijin.jp,緑茶名人｜緑茶の通販サイト,
ryukeien.jp,旅館 流憩園（りゅうけいえん）公式ホームページ｜熊本県阿蘇郡南小国町田の原温泉 - 湯量豊富な源泉を持つ自然に包まれた湯ごもり宿｜お電話でご予約のお客様にお得なポイントカードを発行中,旅館 / 温泉 / 熊本
tachibanaayaka.jp,立花綾香 Official Website,
takata-cityhall.jp,陸前高田市民文化会館 | 奇跡の一本松ホール,
i-deal.jp,理想的,
yorokko.jp,養老町子育て応援ようろうっこ | 子どもが健やかに育ち、安心して子育てができるまち、岐阜県「養老町」,
ryokusone.jp,柚子屋旅館 金沢 緑草音,旅館 / 宿泊 / 金沢
nakamura-online.jp,有限会社中村商会 ナカムラモーターサイクル 昭和モータース - 新車バイク、逆輸入バイク、中古バイク、レンタルバイク、除雪機、バイク買取・販売・修理の北海道札幌市ナカムラモーターサイクル：有限会社中村商会,
yakousei-amuse.jp,夜光性アミューズ（よるあみ）オフィシャルサイト,
bellestate.jp,木更津の不動産　賃貸なら　センチュリー21ベルエステートにお任せください。JR内房線、木更津エリアを中心に賃貸マンション、賃貸アパートなど様々な物件をご用意しています,
theoscar.jp,名古屋市で人気のトップスタイリストサロンTHE OSCAR [オスカー],
kosumosu-hoikuen.jp,墨田区錦糸町　こすもす保育園,
mitsuboshi-kaidou.jp,北陸飛騨3つ星街道の旅　─世界遺産と3つ星をめぐる旅─,
huwan.jp,北九州でトリミング・犬のしつけができる施設をお探しならHUWAN,トリミング / 犬 / しつけ
kitamaru.jp,北○ | RDC,企業 / サービス / ブランド
htrk.jp,訪問看護ステーション「月」 -京都府久世郡久御山町、宇治市、城陽市、八幡市エリアの訪問看護はお任せください。,
kireini.jp,訪問看護キレイニ ? 精神科特化の訪問看護キレイニ,
oze-misawa.jp,片品温泉/旅館/ホテルみさわ－トップページ - トップページ,
annex.jp,別館,
hiramaandkaroji.jp,平間総合法律事務所ー南相馬市原町区の弁護士による法律相談,
marufuku-fukui.jp,福井市で賃貸アパート・賃貸マンション・貸家をお探しなら丸福不動産,
toki2017.jp,舞劇『朱鷺』 TOKI　オフィシャルサイト,
fuchu-chuchu.jp,府中市子育て支援サイト ちゅちゅ - サービス終了のお知らせ,
jasendai.jp,不動産の賃貸・売買なら(株)ジェイエイ仙台不動産センター,
himuronosato.jp,氷室の郷,観光 / 地域 / 奈良
daikakuji-himeji.jp,姫路市・大覚寺 －浄土宗西山禅林寺派－,
planningbe.jp,美容商材通販 | 株式会社プランニング・ビー | 東京都葛飾区,
mimataonsen.jp,美又温泉 - きれいのひみつ。きれいのひけつ。,温泉 / 観光 / 島根
higoozu-kankou.jp,肥後おおづ観光協会,
2828.jp,板橋の販促屋さん,
lepionnier.jp,八ヶ岳のフレンチレストラン｜le pionnier,フレンチ / レストラン / 八ヶ岳
hakone-zaiku.jp,箱根強羅　　角田屋物産店 |,土産 / 観光 / 箱根
hakodategagome.jp,函館がごめポータルサイト - 函館の特産物であるがごめ昆布を紹介します,地域 / 特産品 / 函館
madolierhakodate-solar.jp,函館　太陽光｜マドリエ函館LIXIL太陽光,
cocochiken.jp,白山市、野々市市の賃貸・売買（土地、建物）物件ならココ不動産へ,
ecoala-ecoeco.jp,売りたい物や困ったことは - 買取と便利屋さんecoeco,
kousougama.jp,波佐見焼窯元｜康創窯｜KOUSOU KILN,波佐見焼 / 陶器 / 工房
nouiba.jp,農業いばらき | 茨城の農業を応援します,
noto-resortarea-masuhogaura.jp,能登リゾートエリア増穂浦,
atami-marine.jp,熱海マリンスポーツクラブ 公式サイト,マリンスポーツ / 観光 / 熱海
japanchuoresearch.jp,日本中央リサーチ株式会社,
jsap36osaka.jp,日本思春期青年期精神医学会　第36回大会 | 兵庫県立ひょうごこころの医療センター,
jbcde.jp,日本花卉文化株式会社｜日本の花卉文化に関する事業,花 / 文化 / 協会
jma-medaka.jp,日本メダカ協会,メダカ / 飼育 / 団体
andcafe.jp,日進市のカフェ【アンドカフェ】ランチ、デート、二次会など。,
fc-dandadan.jp,肉汁餃子のダンダダン FC（フランチャイズ）加盟先行募集案内申し込みサイト,
on-the-rice.jp,肉・米・卵のこだわり焼肉ホルモンオンザライス（旧伏見テラス）,
chinami-chita.jp,南知多でふぐ・和食なら「活魚料理鮨処 ちなみ」,
minamiizu-kometen.jp,南伊豆米店へようこそ,
toru-naramura.jp,楢村 徹 設計室 | 「古民家再生工房」として、地域での建築のあり方をテーマに、古民家の建築様式を取り入れた作品を数多く設計している岡山県倉敷市の建築家,
uchidakyosei.jp,内田矯正歯科医院｜長野市 長野駅前,矯正歯科 / 医療 / 長野
organic-oasis.jp,那覇市の耳鳴り専門療法【治療院ナチュラル】,
nikukoubou.jp,豚の角煮、煮豚、チャーシューの業務用仕入、卸売販売は松本秋義へ,
youstyle-este.jp,栃木県小山市のエステサロン[YouStyle],
bnetbeauty.jp,栃木県自治医大・宇都宮の、女性のためのビューティトレーニング｜Bnet beauty,
mentalhealthprogram.jp,同志社大学メンタルヘルス予防教育プログラム,
machikochi.jp,働く人のための情報サイト「Machikochi」,働き方 / 情報 / メディア
tohoku-focus.jp,東北・食文化輸出推進事業協同組合｜Tohoku FOCUS！,
tobu-tochigi.jp,東武百貨店栃木市役所店,
marusho-amp.jp,東西線浦安駅、京葉線新浦安駅の賃貸仲介・管理ならアパマンプラザ浦安駅前店丸正商事株式会社へ！,
junkadelic.jp,東京中目黒で楽しむメキシカン！～ジャンカデリック～,
todaivb.jp,東京大学運動会バレーボール部 | 公式サイトです,
id3catalyst.jp,東京大学 AMED iD3 キャタリストユニット,研究 / 医療 / 東京大学
adsoul.jp,東京のweb制作・SEO対策を安心料金で承ります | 株式会社ADSOUL,
ongles.jp,東京・多摩市聖蹟桜ヶ丘駅から徒歩2分のネイルサロン,
kanto-navi.jp,東京・神奈川・千葉・埼玉・栃木・群馬・茨城　首都圏　関東地方の地域検索エンジン　関東ナビ,
schuo-g.jp,土地家屋調査士法人中央ライズアクロス｜土地家屋調査士法人 新潟,
come-saitama.jp,転職を考えている人必見！高収入な仕事ランキング,
thsa.jp,帝京平成スポーツアカデミー | 千葉にある総合型地域スポーツクラブ,スポーツ / クラブ / 千葉
turumiwardc-ogbc.jp,鶴見区民センター,公共施設 / 区民 / 大阪
chouka.jp,釣り情報のことなら「ボクの釣果」,
tsubokura-enmusubi.jp,坪倉縁結び会,
tukamoto-denken.jp,塚本電建有限会社,
aphc-shop.jp,通販TOP ? アポプラスヘルスケア【法人向け】オンラインストア,
torinome.jp,鳥野目河川公園オートキャンプ場,キャンプ / 公園 / アウトドア
nkmc.jp,長崎川棚医療センター,病院 / 医療 / 長崎
asakamiho.jp,朝花美穂 Official Web Site,演歌 / 歌手 / 公式
chuooc2025.jp,中央大学 オープンキャンパス 2025,
acedentalclinic.jp,築地駅から徒歩1分│東銀座・築地 AceDentalClinic（エースデンタルクリニック）,歯科 / 医療 / 東京
yurutto.jp,置賜スポーツ交流プラザ　ユルット,
ikeko1947.jp,池田工務店｜注文住宅設計施工,
kumano-kodo.jp,地域の人がすすめる熊野古道の新たな魅力100選 | 熊野古道,観光 / 世界遺産 / 和歌山
takisayuri.jp,滝さゆりOfficial Web Site,
takanodai-dental.jp,鷹の台歯科医院（国分寺市 鷹の台駅徒歩7分）,
kinkisoubun-tottori2025.jp,第45回近畿高等学校総合文化祭は終了しました,
relay-fukuoka.jp,第14回さくら薬局　みずほPayPayドームリレーマラソン2025【公式】,
matsumoto-shika.jp,大分市のインプラント・口臭外来(世界的権威ほんだ歯科提携医)・審美・歯周病・スポーツ・一般・小児　マツモト歯科クリニック,歯科 / 医療 / 大分
ohtsu-marina.jp,大津港マリーナ,マリーナ / 海 / レジャー
chibashi-shintyousya.jp,大成・鵜沢建設共同企業体　千葉市新庁舎整備工事作業所,
rigenera.jp,大事なのは「髪の種」！ミラヘアシステム(MIRA HAIR SYSTEM)｜サフォクリニック,
osaka-bfmap.jp,大阪市－大阪市内公共的施設バリアフリー情報,
secondhouse-hgp.jp,大阪・本町のインターネットカフェ SECOND HOUSE,ネカフェ / インターネット / 大阪
santagalicia.jp,大垣の結婚式場サンタガリシア大聖堂【公式】岐阜最大チャペル,
roadtowin.jp,村田諒太×峰竜太 対談 | 折れない心と誇り- Road to Win,
rookie-ltd.jp,損害保険代理店　ルーキー AIG アフラック - 履行保証 工事保険 労災上積み保険-松山　愛媛,
ashorotte-hukushi.jp,足寄町の医療と介護、保健と福祉の情報サイト【あしょろって】,
soen.jp,草園｜東北唯一の雛人形メーカー &#8211; 草園（そうえん）、東北唯一の雛人形メーカーHP。変わらない願いをのせて秋田からものづくりを発信します。,
comprehensive-drm.jp,総合減災プロジェクトエリア,
homy-estate.jp,倉敷市賃貸・売買【ホーミィエステート】アパート　戸建　情報多数,
alumni-kusa.jp,倉敷芸術科学大学情報発信サイト「つなぐ」,大学 / 教育 / 情報
kirei-t.jp,粗大ゴミ回収サービス｜不用品回収・ゴミ屋敷清掃の専門業者,不用品回収 / 清掃 / サービス
jsai-kanto.jp,全史料協関東部会,
machidukuri.jp,全国まちづくり交流協会,
smatra.jp,全国の遊び・アクティビティ・体験・レジャーを探して予約 | SMART TRAVEL（スマートトラベル）,体験 / 予約 / レジャー
tanakaseita.jp,前八尾市長 田中誠太オフィシャルWEBサイト,政治 / 元市長 / 公式
izumiotsu-spo.jp,泉大津市スポーツ施設【泉大津市立総合体育館】,
preserving.jp,専門的なニュース,
chiba-maruichi.jp,千葉市の不動産・賃貸仲介管理は丸一土地建物㈱へお任せ下さい！,
bousai-chiba.jp,千葉県西部防災センター,
sankoumaru.jp,石鏡港 三幸丸｜三重県鳥羽石鏡の遊漁船！,
vtx.jp,税理士法人ＶＥＲＴＥＸ,
makotokougyou-nishikoyama.jp,西小山の賃貸　マンション　アパート情報なら　誠興業不動産西小山店,
naraduke.jp,西出奈良漬本舗　公式オンラインショップ,
nishishiki.jp,西式健康法 | 西会本部公式ホームページ,
seiyuu100shoku.jp,声優百年食堂｜「人気声優×食レポ」バラエティ！,
amgmusic.jp,声優アーティスト・ヴォーカリスト育成｜音楽レーベル｜AMG MUSIC,
seisanryokuchi.jp,生産緑地パートナーズ,
petitreine.jp,生駒・西大寺の脱毛サロン プティレーヌ（petit reine）,
oh-sigotonin.jp,生活支援サービス お仕事人 ホーム,
narita-airport-m-rc.jp,成田空港南ロータリークラブ | 国際ロータリー第2790地区第7グループ,
seto3373.jp,瀬戸内さざなみ線の旅へ,
setogura.jp,瀬戸蔵 【公式サイト】,
seichijunrei-bus.jp,世界遺産「高野山・熊野」聖地巡礼バス公式ページ,
hongyobo.jp,身延山西谷宿院?本地院 本行坊? | 山梨県身延町は身延山の麓、西谷の宿院です,
o-marutanbo.jp,親不知交流センター まるたん坊 - 新潟県糸魚川市,
ktbsp.jp,神戸市交通局沿線NAVI,交通 / 行政 / ナビ
kamimakisushi.jp,神巻寿司-kamimakisushi-,
e-heyanavi.jp,森下、両国、墨田のお部屋探しは賃貸物件の情報が豊富な｜株式会社明豊ハウジング,
meikaiclub.jp,新浦安 フィットネスクラブ カルチャースクール 【明海大学オープンカレッジ】（浦安市明海）,
ueno-michiko.jp,上野みちこ　オフィシャルWEBサイト,政治 / 議員 / 公式
starmore.jp,湘南スターモア化粧品,化粧品 / 美容 / ブランド
kashiwagi-system.jp,松本市|整骨院 柏木 腰専門外来/肩石灰沈着とバネ指の衝撃波外来(株)柏木,整骨院 / 医療 / 松本
soba-chan.jp,松戸の立ち食い蕎麦｜自家製麺そばっちゃん,
kojimanaoko.jp,小嶌真央子のプレミアム世代のお出かけエスコート おんがえし | 介護とは少し異なる、上質なエスコート。 プロの介護経験を活かした、きめ細やかな安心のサービス。,
goldhorse.jp,匠の万馬券,競馬 / 予想 / 情報
josei-kin.jp,助成金.JP,
soundstone.jp,所沢市　ライブハウス＆貸しスタジオ【SoundStone サウンドストーン】所沢市　ライブハウス＆貸しスタジオ【SoundStone サウンドストーン】 - 埼玉県 所沢市 西武池袋線 小手指駅にある本格派ロック、ドラムス可能なライブハウス。昼間は音楽・ダンス・演劇練習ができる貸しスペース、レンタルスタジオ。超激安、超格安な料金で所沢で一番使えるライブハウスを目指します。,
san-kei-tokorozawa.jp,所沢の賃貸なら三恵不動産株式会社,
shun-aji-araya.jp,旬味あらや　鹿児島から直送の薩摩地鶏と旬の魚,
library-city-kasuga-fukuoka.jp,春日市民図書館,
sumiyoshiwardc-ogbc.jp,住吉区民センター,公共施設 / 区民 / 大阪
bhe.jp,集客イベントを企画･制作･運営【株式会社BHE】全国どこでも！イベント会社,イベント / 企画 / 会社
yukimaru.jp,手相観 ゆきまる 公式サイト,
washpark.jp,手洗い洗車に最適な京都のセルフ洗車場 ウォッシュパーク,
japanese-team.jp,若者法人JapaneseTEAM(社) |若者が日本の文化を発信するメディア,若者 / 文化 / メディア
minoru-house.jp,借りながら持ち家にする賢い選択。｜家賃が実る家,
shakai-hoken.jp,社会保険.JP,社会保険 / 制度 / 情報
washakyo.jp,社会福祉法人 輪之内町社会福祉協議会,
yurushi-chikara.jp,赦しのちから | ソニー・ピクチャーズ公式,映画 / 洋画 / 作品
mizote-kensei.jp,実名報道記事-削除方法研究,
nanashiguretrail.jp,七時雨マウンテントレイルフェス - 七時雨マウンテントレイルフェス,
huntershop-hill.jp,鹿肉の犬用おやつ、射撃・狩猟用品｜HUNTER SHOP HILL｜三重県四日市市,
sipher.jp,自己分析ならSipher - 理想の就活/転職のための自己分析サイト,自己分析 / 就活 / ツール
otsu-biz.jp,滋賀県大津市企業情報ビジネスマッチングサイト,
koiwashi.jp,市民メディアこいわし広島 -市民のアイデアで社会課題を解決するメディア,
iia21.jp,市川市国際交流協会,
yokkaichi-so-tai.jp,四日市市総合体育館公式サイト,体育館 / スポーツ / 施設
kotobukisangyo.jp,産業用ガス、高圧ガス、特殊ガス、ガスの事なら寿産業株式会社へ,
y-w-p.jp,山口湾derfulプロジェクト｜ヤマグチワンダフルプロジェクト | 山口湾derfulプロジェクト,
toyora.jp,山口県立豊浦高等学校,
h-yamashita.jp,山下ひろあき│公明党大阪府議会議員団,
sansyo-unyu.jp,三尚運輸株式会社　富山県,
cafemoto.jp,雑貨と小さな洋食屋さんcafemoto - カフェレストランmoto,
lecoeul.jp,雑貨SHOP Le coeul,
nanpu-zan.jp,薩摩籠目透彫｜伝統工芸士上別府雅楓｜薩摩彫刻陶芸窯元 南楓山,
siaya.jp,埼玉県室内装飾事業協同組合青年部,
inbloom.jp,咲く,
livechatwork.jp,在宅ワークではたらくチャットレディ,
spatra.jp,再来 SAIRAI｜スパトライアスロン SPA TRIATHLON,スパ / 健康 / イベント
law-consult.jp,債務整理・自己破産ご相談窓口/無料相談受付中,
tatsumis.jp,佐賀牛・伊万里牛などの食肉卸商社|タツミ商事,
lo-haus.jp,佐賀でローコストの住宅を建てるならLo-Haus（ローハウス）｜月々3万円で建てる高性能住宅,
kunisaki-takashi.jp,国崎たかし,
kurashi-sumai.jp,高齢者住宅情報センター・一般社団法人コミュニティネットワーク協会 | 終の住まいと暮らしを考える｜高齢者住宅情報センターは有料老人ホーム、サ付き住宅などの高齢者住宅への入居相談や介護相談など、経験豊かな相談員が無料で相談をお受けしています。,
imagination2020.jp,高野登 想像力みがき塾 | ～知識を智恵に、智恵を実践に～,
kodai-connect.jp,高大コネクト,
nezi.jp,高信頼、高品質プレスの株式会社フクオカ,
takasaki-iju.jp,高崎市移住情報,
kamri.jp,香夢里 - 香夢里 -Kamuri-,
tennendo.jp,香舗　天年堂,
brothers1977.jp,荒川区少年野球チーム：ブラザースクラブ | 荒川区少年野球,
ks2.jp,甲府昭和ナレッジスクエア｜山梨県甲府市,
h-kouseigakuin.jp,弘前厚生学院トップ,専門学校 / 医療 / 教育
nofa.jp,公益財団法人愛知県サッカー協会 西尾張地区協会,
jvnf-tokusetsu.jp,公益財団法人 日本訪問看護財団,
shimonoseki-wspc.jp,公益財団法人 下関市水道サービス公社,
turuya.jp,御菓子司　鶴屋益光,和菓子 / 老舗 / 販売
abikokohoku-kouminkan.jp,湖北地区公民館,
hakusuiarts.jp,古美術 白水,
maccy88.jp,検索エンジン SEO ウイン21,SEO / 検索 / サービス
yapf.jp,建設業許可・経営事項審査ガイド【新宿区・台東区・荒川区・文京区・墨田区・板橋区・足立区でお困りなら行政書士法人コン・トラストへ】,
keio-nm.jp,慶應義塾大学 薬学部 天然医薬資源学講座,
ebisu-atease.jp,恵比寿エリアの賃貸不動産情報サイト｜アットイーズ,
masato-dentalclinic.jp,栗原市　インプラント・白い歯・噛める入れ歯｜まさと歯科医院,
ginza-karaoke.jp,銀座での個室パーティ・二次会・女子会・カラオケ利用ならコート・ダジュール 銀座コリドー店,
kanazawa-ryotei.jp,金沢市料理業組合の公式ウェブサイト「金澤料亭」,
kanegasakigu.jp,金崎宮 －かねがさきぐう－,神社 / 観光 / 福井
modernenglish.jp,近代英語協会 -Modern English Association-,
kyo-tsukemono.jp,近清 - 総本家近清・無添加の京漬物,漬物 / 京都 / 老舗
hatarakinet.jp,京都府 障害者はたらき支援ネット - トップ,
gallery-a.jp,京都市の個展・展覧会などの貸しスペースならギャラリーa へ,
sara-salon.jp,京都四条烏丸の脱毛サロン SARA【サラ】,脱毛 / サロン / 京都
fashion-cantata2025.jp,京都駅ビル ファッションカンタータ,
shiroka.jp,京都の焼菓子専門店「白菓」 - 京都の焼菓子専門店,
yakiniku221.jp,京都でオススメの美味しい焼肉なら、A4黒毛和牛熟成肉焼肉Yakiniku221,
acha.jp,京都 伏見 美容室 Hair studio Acha (ヘアースタジオアチャ),
uozumaru.jp,魚津丸トップ公式魚津漁協直営食堂/魚津丸食堂,
shoukeikaku.jp,"旧伊達伯爵邸　鍾景閣 &#8211; 仙台市中心部より車で30分。日本料理店「旧伊達伯爵邸　鍾景閣（しょうけいかく）」では、精選した四季折々の新鮮な魚介類や旬菜を素材に料理職人が腕をふるった会席料理をご提供しております。個室、大広間も完備しており、お祝い事や歓送迎会・大切な方とのご会食やお取引先の接待、彼岸、法事、法要の精進落しなど、様々なシーンでご利用いただけます。ご予約・お問い合わせ：0120-085-077,全国旅行支援",日本料理 / 会席 / 仙台
yumigahama42195.jp,弓ヶ浜シーサイドマラソン,
miyakojimasango.jp,宮古島さんご農園株式会社 - さんごの島が育んだ農園,
yoshinogawa-densen.jp,吉野川電線株式会社 - ロボットケーブル信頼のブランド、モビロンタフケーブルをはじめ、各種ケーブルを製造、販売,
hydro-takeon.jp,岐阜大学｜国際農環境科学研究室（大西研究室）,
morelady.jp,岐阜県本巣の産婦人科モアレディスクリニックです。お産、不妊治療から、婦人科まで。|岐阜県/本巣/北方町,
iwamotomana.jp,岩本まな公式サイト,
fukamushicha.jp,丸松製茶場ショッピングサイト,
photostory.jp,関西モデル撮影会・フォトストーリー,
nexttourism-contest.jp,観光甲子園 NEXT TOURISM CONTEST 2021 - 2020,
sapmed-kango.jp,看護部紹介ページ移行のお知らせ,
magische-chocolade.jp,感動の“魔法”を届けるチョコレート｜MAGISCHE CHOCOLADE,
wadashokai.jp,株式会社和田商会,
makes-design.jp,株式会社メイクス,
driade.jp,株式会社ベリーニ（公式ホームページ）,
pangea.jp,株式会社パンゲア,IT / 企業 / サービス
balanceinc.jp,株式会社バランススタイル,
nabla-zero.jp,株式会社ナブラ・ゼロ,
trsp.jp,株式会社トラストサポート,
daiki-bt.jp,株式会社ダイキ - 三重県の害獣駆除＆ジビエ工房の株式会社ダイキ,
grandjete.jp,株式会社コミュニティファーム,農業 / 地域 / 事業
kogane-ya.jp,株式会社こがね家,
creative-colors.jp,株式会社クリエイティブカラーズコーポレーション株式会社 クリエイティブ カラーズ グループ公式ページ of Creative Colors Official Site,
kindai-chair.jp,株式会社キンダイ-木製イス・ソファ製造,
keep-shonan.jp,株式会社キープ | 神奈川県 | 藤沢市 | 湘南,
ai-mant.jp,株式会社エマン建築 | 外国語教室「アカデミア」の運営／フランス語翻訳／デザイン／SNS管理,
unchef.jp,株式会社UNCHEF | 小売・飲食 | 東京目黒区,
yokohamakyodo-sv.jp,株式会社JA横浜協同サービス - 不動産仲介・管理・リフォーム・リノベーション・葬儀の手配と事前相談,
orbis-corp.jp,株式会社CACオルビス,
ynx-grp.jp,株式会社 湯ネックス | 会社情報,温浴 / 設備 / 企業
stmeister.jp,革小物とバッグの専門店|STREAM（ストリーム）,バッグ / 革製品 / 通販
osteohara.jp,各種疼痛・自律神経系の不調・パーキンソン病のリハビリ・その他不定愁訴のことなら | おおはら治療室,
oppc.jp,各種電子部品の生産設備、検査装置の設計開発・製造・販売「ＯＰＰＣ株式会社」,
kaihoukukan-overfield.jp,開放空間：Over Field｜どこまでも緻密で美しい探索RPG,RPG / ゲーム / 探索
okinawa-ryotei.jp,海の旅亭 おきなわ名嘉真荘 &#8211; 沖縄の絶景に感動 沖縄県恩納村にある和風旅館,旅館 / 沖縄 / 宿泊
starc.jp,解散のお知らせ｜（株）半導体理工学研究センター（STARC）,研究 / 半導体 / お知らせ
exdoctor.jp,会社統合のお知らせ | 医院開業・盛業支援サービス『エクスドクター』,
tnh-sakurabisou.jp,介護リフォーム・ハウスクリーニングのさくら美掃｜神奈川県平塚市,
miura-toubou.jp,加美町の切込焼 | 三浦陶房,
shimonita-meat.jp,下仁田ミートのホームページへようこそ,食品 / 精肉 / 企業
village-senaha.jp,沖縄県読谷村長浜の有料老人ホーム・デイサービスセンター・ヘルパーステーション・居宅介護支援事業所,
oki-kaguyahime.jp,沖縄かぐや姫沖縄かぐやひめ,
banian.jp,"沖縄,宿泊,リゾート,ホテル｜バニアンリゾート今帰仁 オフィシャルホームページ",
okinoerabu-bashofu.jp,沖永良部芭蕉布協議会,
okamoto-foods.jp,岡本食品株式会社,
oka2103.jp,岡不動産販売｜備前三門、大安寺、西崎の賃貸と売買はお任せ,
okayama-handball.jp,岡山県ハンドボール協会,
okayama-charlotte.jp,岡山　コンカフェ・メイドカフェしゃるろっとです。,メイドカフェ / コンカフェ / 岡山
c-tv.jp,横浜市民放送局ポータルWeb,メディア / 地域 / 放送
yokokawasyoten.jp,横川商店,商店 / 小売 / 地域
udonkoubou.jp,横須賀カレーうどん | うどん工房さぬき,うどん / ご当地 / グルメ
yado-nagao.jp,奥湯河原温泉郷｜お宿ながお｜旬のお料理と源泉100%掛け流し温泉・各種お得プランをご用意しております。,
biosolar.jp,奥村（びお）ソーラー | 体も心も、なんだか、とっても、きもちいい。,
entetsu-marche.jp,遠鉄マルシェ 新東名高速道路 NEOPASA浜松（上り・下り）,SA / 土産 / 浜松
hata-ffa.jp,映画のまとめ,
urawa-luckys.jp,浦和ラッキーズＦＣ,
jobsta.jp,飲食業界の求人転職を無料サポート！【ジョブスタ】,求人 / 飲食 / 転職
ja-mito.jp,茨城県水戸市・茨城町の賃貸アパート・不動産は＊ＪＡ水戸 ハウジングセンター＊,
moriya-kouminkan.jp,茨城県守谷市 守谷市立公民館（もりりん）,公民館 / 施設 / 守谷
inahojinja.jp,稲穂神社（公式）｜東京都小金井に鎮座 一粒万倍の社 |,
ipponsugi.jp,一本杉菓子店　山形県天童市　創業８０年・こだわりのあげまんじゅう,
aioi-jc.jp,一般社団法人相生青年会議所,
mirai-with.jp,一般社団法人ミライテラス. | 明るい未来を照らす,
kidsconsultant.jp,一般社団法人キッズコンサルタント協会,
ohakima.jp,一般社団法人　大分県鍼灸マッサージ師会ホームページ,
net-kentei.jp,一般社団法人 全国検定資格振興協会,
1katsu.jp,一括登録フォーム｜イッカツ｜就活サイトの一括登録サービス,就活 / 一括登録 / サービス
ikueitomonokai.jp,育英友の会 | かつて日本育英会（現 日本学生支援機構）の奨学生であった人が設立した団体です,奨学金 / OB会 / 団体
kagamido-hospital.jp,医療法人社団鏡一会　鏡戸病院公式サイト | 内科・神経内科・リハビリテーション科・禁煙外来,病院 / 医療 / 内科
ooyama-jibika.jp,医療法人社団義翁会 大山耳鼻咽喉科診療所 川崎市幸区南幸町 尻手駅近く耳鼻咽喉科,
ideshita-clinic.jp,医療法人社団 いでした内科・神経内科クリニック &#8211; 広島市安佐北区口田の病院・通所介護,内科 / 医療 / 広島
atms.jp,医学出版社の株式会社アトムス | 医学出版社のアトムス,
ko-ko-ro.jp,遺品整理・不用品回収 ? 東海地方ならこころにお任せ,
heart-arrange.jp,遺品整理 北九州・筑豊直方近郊【ハートアレンジ】,
alco-ise.jp,伊勢・松阪・津の企画住宅ならalco(アルコ),
ictopssjle.jp,安全性・信頼性を確保したデジタルインフラの海外展開支援事業 令和６年度地方枠に係る公募,
maps-navi.jp,旭川の飲食店・グルメ情報「旭川 マップスナビ」,グルメ / 地域 / 旭川
asahiwardc-ogbc.jp,旭区民センター,公共施設 / 区民 / 大阪
world-heart-day.jp,ワールド・ハート・デー,
lowcode-app-skill.jp,ローコードによるアプリ作成スキル習得支援事業,
reiseoffice.jp,レンタルオフィスなら駅から徒歩3分のROOT StorHubレンタルオフィス池袋,
restaurant-ryu.jp,レストラン竜,
tryrinskor-corteva.jp,リンズコア? | 有効成分 | コルテバ・アグリサイエンス,
lyonplanning.jp,リヨンプランニング　コスメ雑貨のお店,
irodoll.jp,ラブドール通販「IRODOLL」 - 日本正規代理店｜安心・高品質のリアルドール専門店,
rusk.jp,ラスク専門店｜たくみにしかわ バターラスク ネット通販・お取り寄せ限定ストア,ラスク / 洋菓子 / 通販
tsurugi-laforet.jp,ラ・フォーレつるぎ山,
jokipiinpellava.jp,ヨキピンぺラヴァ日本公式サイト【JOKIPIIN PELLAVA】,
yullege.jp,ユレッジ : 日本の「揺れやすさ」と地震防災を考えるサイト,地震 / 防災 / 情報
monowasure-shintaku.jp,もの忘れ信託普及協会：認知症対策に特化した信託サービス,
monomousu.jp,モノモウス - 利用者の本音が聞けるフリーアンケートサイト,
creation-shoes.jp,"モトマチシューズ,トラベルシューズバイショセ,スペースクラフト等、正規取扱靴専門店。神戸元町のシューズショップ【クリエイション】",
saitama-jyuken.jp,メンテナンスページ | Saitama Jyuken,
medela-mama.jp,メデラママ - ようこそ、メデラの母乳育児応援サイトへ,
mets-taiyo-holdings.jp,メッツ太陽ホールディングス株式会社,
shimoichi-kanko.jp,めぐる、しもいち。奈良県吉野郡下市町観光情報,
eyeworld.jp,メガネ（眼鏡・めがね）アイワールド、TALEXタレックス偏光レンズＰＲＯＳＨＯＰ「アイワールド」、豊富な品揃えのファッションサングラス・ブランドサングラスやＴＡＬＥＸ　偏光　色弱眼鏡　深視力眼鏡などむずかしいメガネの相談は当店へ・・バリエーション豊かなフレームと様々なレンズでお待ちしています。偏光レンズ、　サングラス、色弱レンズ、メガネ、むずかしいメガネ、,
chimpmarketing.jp,メールチンプの使い方｜月額定額メールマーケティングサービス,
musical-cmiyc2022.jp,ミュージカル「キャッチ・ミー・イフ・ユー・キャン」 ＜オフィシャルHP＞,ミュージカル / 舞台 / 公式
minokamo-law.jp,みのかも法律事務所　ホームページ,
mitotoki.jp,ミトトキ,
mitake-gurashi.jp,みたけ暮らし ～ちょっと田舎でちょうどいい～ 岐阜県御嵩町移住交流・子育て応援ポータルサイト,移住 / 地域 / 岐阜
copyrevo.jp,ミシン入りコピー用紙　A4コピー用紙　カウンター料金の削減,
miewakon.jp,みえ和婚 │ 三重県神社・仏閣和装結婚式(伊勢神宮参拝・猿田彦神社),
mmtl.jp,マンスリーマンション 東京／ゲストハウス 外人ハウス【EN FLAT TOKYO】ドミトリー／外人用 マンスリーアパート（早稲田・用賀・四谷・目白）,
e-marron.jp,マロン洋菓子店,
visit-malaysia.jp,マレーシア観光年2026キャンペーンサイト,
marumirepair.jp,まるみリペア｜岡崎市・豊田市近隣の木部・サッシリペア,
marugoto-shodoshima.jp,まるごと小豆島・豊島公式サイト | 小豆島・豊島の瀬戸内国際芸術祭2016の情報をご案内しています。,
mastar.jp,マスター,
makinote.jp,マキノート,
ibs-corp.jp,ホーム - IBS,
hoikkuma-shift.jp,ほいっくまシフト | アプリ紹介ページ,
venkei.jp,ベンケイレンタルバイクvenkei,
heavenburnsred-cafe.jp,ヘブバン コラボカフェ - 「ヘブンバーンズレッドカフェ ～2024 in 海の家～」特設ページ,コラボカフェ / ゲーム / イベント
movox.jp,プロフィールムービーの制作｜結婚式ムービーMOVOX（ムーボックス）,
shiranekko.jp,プレイセンターしらねっこ｜横浜市旭区｜白根幼稚園,
db-printer.jp,プリンター・コピー機　DREAMBOX[ドリームボックス],
bed-niigata.jp,フランスベッド新潟ショールーム - フランスベッド販売,
bed-yokohama.jp,フランスベッド横浜ショールーム - フランスベッド販売,
brabanlive.jp,ブラバン！甲子園ライブ2020 ～北海道編～ 公式サイト,
sweetribbon-bridal.jp,ブライダルアクセサリーショップ｜SWEET RIBBON  スウィートリボン,
fukushima-sakagura.jp,ふくしまの酒・ふくしまのお宿に泊まる｜公式サイト,
fujiwara-k.jp,フォロワーズ・ファイル,
decollte-wpg.jp,フォトウェディング・前撮り・結婚写真ならデコルテフォトグラフィー,
philipstein.jp,フィリップスタイン｜Philip Stein Japan 公式オンラインストア &ndash; フィリップスタイン公式オンラインショップ,
fibonacci.jp,フィボナッ??｜アンベーリング・スキンケア??? ?????????り????明感。,スキンケア / 美容 / 商品
lebois.jp,フィトテラピー（植物療法）のルボア le bois｜トップ,植物療法 / 健康 / サロン
pualani.jp,プアラニ pualani 茨城県つくば市のフラワーショップ  -  プアラニとは、ハワイ語で「楽園の花」という意味。ウェディングフラワーやフラワーギフト、心に残る思い出をお届けします。,
hiraidental.jp,ひらい歯科医院　中央線沿線・武蔵野市・三鷹・吉祥寺の歯科治療、矯正治療、インプラント,歯科 / 医療 / 東京
litorito.jp,ひとりサウナLitoRito - ひとり専用サウナ(Single person sauna) | 港区赤坂,
housing-8.jp,ひたちなか（勝田・佐和）、那珂の賃貸アパートはハウジングエイトへ,
hikari-taxi.jp,ひかりタクシーグループ,
hikarigaoka.jp,ひかりがおか,
b-conplaza30th.jp,ビーコンプラザ開館30周年記念,
hachi-dori.jp,パンの蔵 蜂鳥（はちどり）,
portcafe.jp,パンケーキの美味しいカフェ｜静岡県沼津市のポートカフェ,
bal-com.jp,バルコム - BAL.com,
panashiga.jp,パナソニック ホームズ滋賀 - Panasonic,
happyegg.jp,ハッピーエッグ(HAPPYEGG)::ボリューミーなたまごサンド,
hachioji-kankokyokai-hachiani.jp,はちアニ 八王子市観光振興PR アニメーション,
milada.jp,バスケットレンタルコート | MILADA,
t-engei.jp,バズウォッチ,
relief-yokohama.jp,ハウスケアrelief,
to-b.jp,バイトチェック byGMO,求人 / バイト / サービス
best-trainer.jp,パーソナルジム・パーソナルトレーナーの検索・口コミ比較ならべストレ,
noaruseikatu.jp,のあるせいかつ | あれこれ気になること,
nenrin-ehime2023.jp,ねんりんピック 愛顔（えがお）のえひめ2023 | ねんりんを 重ねた愛顔 伊予に咲く,スポーツ / 高齢者 / 大会
pubmatch.jp,ネットでメディアキャラバン『Pub Match（パブマッチ）』,
on-stage.jp,ネットでカラオケ楽曲をダウンロード！　ON-STAGE.JP,
hoikkuma-help.jp,ネオキャリア株式会社,
nuheara.jp,ニューヒアラ公式サイト,
nicoaccount-bridge.jp,ニコニコ,
five-c.jp,どんな環境でも生き抜く力が身に付くスクール『Five C』,
jimgmbh.jp,ドレスアップ、カスタムカー用品通販｜スポーツサービスジム,
3-f.jp,トリプルフォーチュン,ファッション / ブランド / ロリータ
tracksession.jp,トラックセッション｜まちに人を、活気を呼び込み、地域に新たな価値を創出するプロデューサー集団です。,
hi-touch.jp,トップページ／イオンモール鳥取北「スタジオハイタッチ」公式サイト,
wasecom.jp,トップページ | 早稲田大学 まなびのコンパス,大学 / 教育 / 情報
kis-plus.jp,トップページ | かわさきJプロジェクト+,
fitness-serve.jp,トップ - サンフィッシュグループ　有限会社フィットネスサーブ,
tenbusu.jp,てんぶす那覇,施設 / 観光 / 那覇
tentoiro.jp,テントイロ,
デンタルエステ.jp,デンタルエステ,
teleworkalways2021.jp,テレワーク・オールウェイズ2021,
jaterral.jp,テラル越前農業協同組合｜JA｜農業生産者向けの総合サービス業｜福井県大野市・勝山市,
tsurugi-iwado.jp,つるぎの宿 岩戸,
chirin.jp,ちりめん山椒の専門店　京都・嵐山ちりん,
choco-lab.jp,チョココーティング研究所-美味しさを包み込む- -,
asakusa-minami.jp,ちょいとおいでよ浅草橋 〔柳橋・鳥越・蔵前〕 | 浅草みなみ観光連盟,
manohiva-japan.jp,タヒチアンダンススクール Manohiva Japan 東京&名古屋,
tajima-yuki2.jp,たじま雪ゆき情報～冬のライブカメラマップ,
takeharu-ac.jp,たけはる どうぶつ クリニック,
lakana.jp,タイ古式マッサージ　スカイ,
ituitu.jp,タイル格安販売 [ INAX LIXIL アウトレット・バルコニータイル ] - ITU,
dynapro.jp,ダイナプロ | 食材の酸化を防ぎ栄養を守る 真空ハイスピードブレンダー -ダイナプロ真空ハイスピードブレンダーなら、 スウェーデン製最新ハイスピード（高速）モーター採用なので、滑らかで美味しいスムージーはもちろん、本格的なローフードやスイーツも簡単にプロの味が楽しめます。その上使い方も超カンタンで毎日お使いいただけます。,
sociaty.jp,ソシャティ｜社会活動の検索＆ブログサービス,
okyu-room.jp,せんねん灸 お灸ルーム,健康 / お灸 / 商品
fake-out.jp,セレクトショップFAKEOUT,
hkkchain.jp,ゼクサスチェン株式会社（東京営業所）,
secujapan.jp,セキュ・ジャパン株式会社 - 電子メールセキュリティソリューション企業,
swine.jp,スワインジェネティクス株式会社,
sumarepi.jp,すまレピ｜すまれぴ｜スマレピ -すまいのレシピ-,
smile-family.jp,すまいるファミリー株式会社 | 松戸市および近隣地域に住む方々の悩みごと、困りごとをワンストップで解決します！,
stellaseed-onlinestore.jp,ステラシード（STELLA SEED）・ボトルワークス(BOTTLEWORKS)公式通販サイト,コスメ / 通販 / ブランド
sj-kansai.jp,"スズキ自販関西&raquo; &#124; 大阪府,京都府,岡山県,香川県,福岡県,佐賀県のスズキ正規ディーラー",
sasebo-kids.jp,すくすく佐世保｜みんなde子育て応援ひろば,
lovelive-aqoursclub.jp,スクールアイドルプロジェクト『ラブライブ！サンシャイン!!』より生まれたスクールアイドル「Aqours」 特設サイト「Aqours CLUB」,アイドル / アニメ / 公式
sentialmobile.jp,シンガポールでリゾバならセンシャルジョブス | 海外キャバクラならシンガポールがお勧め！就労ビザ申請から航空券、個室寮付き。安心の日系企業で日本人キャバクラスタッフ募集！渡航人数200名！,
jr-soccer-shop.jp,ジュニサカ オンラインショップ,サッカー / 通販 / ジュニア
simulationgame.jp,シミュレーションゲーム,ゲーム / シミュレーション / 情報
sellc.jp,システムエンジニア合同会社,IT / 開発 / 企業
shizuichi-cycling.jp,しずおか中部サイクリングマップ｜静岡5市2町のサイクリングコース,
nailup.jp,ジェルネイルの最新デザインやトレンド情報が満載｜NAIL UP!（ネイルアップ）,
tokyomaison.jp,シェアハウス東京メゾン 荻窪・阿佐ヶ谷・吉祥寺・下井草,
3cgroup.jp,サンシーグループ｜樹脂製品の切削加工・成形加工に幅広く対応致します。,
sapporo-samurai.jp,さっぽろサムライ倶楽部｜トップページ,
southernseto-longride.jp,サザンセト・ロングライドinやまぐち | 瀬戸内随一といわれる125kmのコースを巡る旅,自転車 / イベント / 山口
sasagawa-character.jp,ササガワキャラクターグッズ販売,
yokohama-konomichi.jp,サイト閉鎖のお知らせ,
yosano-branding.jp,サイト閉鎖のお知らせ,
sitesuccess.jp,サイト売買の仲介とコンサルティング_サイトサクセス｜サイトM&A;の無料相談｜SITE SUCCESS,サイト売買 / M&A / コンサル
kekkonshien.jp,さいたま婚活支援センター,
surfup-itami.jp,サーフショップ　SURF UP 伊丹店【兵庫県伊丹、川西、西宮、宝塚、尼崎エリアのサーフショップ、スクール、リペアー、チューニング年中実施】,
membersgolfservice.jp,ゴルフ会員権の売買サイトならメンバーズゴルフサービス-大阪や京都、兵庫、奈良、滋賀、和歌山など関西で展開中,
cosmonoah.jp,コスモノア,EC / サービス / ブランド
keihanna-rc.jp,けいはんなリサーチコンプレックス事業,研究 / 産学連携 / 事業
crespa.jp,クレスパ &#8211; 静岡県静岡市の葵区久能海岸沿いにある、ラブホテル,
hankita-tourism.jp,ぐるっとおでかけ阪神北 ひょうご北摂ツーリズムガイド,観光 / 地域 / ガイド
gmdance.jp,グルーブマスターダンススタジオ,
crecla-ibusuki.jp,クリクラ指宿｜美味しいお水をご家庭に配達,
tentomushi.jp,グリーンセンターてんとうむし｜日本ディーアールシステム株式会社｜愛媛県東温市｜農薬｜肥料｜資材｜灯油｜販売｜ドローン,
shirokumanokimochi.jp,きもちいいね「しろくまのきもち」の公式ホームページ。 - shirokumanokimochi.jp,冷却 / グッズ / 夏
kimjunghyun.jp,キム・ジョンヒョン｜KIM JUNG HYUN JAPAN OFFICIAL FANCLUB,
kimatetsu-shop.jp,きまぐれ鉄道ぶらり旅オンラインショップ　－きま鉄ショップで全国各地の鉄道・電車グッズをお取り寄せ－,
daiwa-jusetsu.jp,キッチンリフォーム トイレ お風呂 水周りのリフォーム 大阪 大和住設,リフォーム / 水回り / 大阪
kids99.jp,キッズ救急,
theguitarshop.jp,ギター販売ならTheギターショップ,
autospirit.jp,キズ・ヘコミの修理対応 台車、レッカー車完備 横浜キズヘコミ修理センター,
kingfisher.jp,カワセミ,
simons.jp,カレーパン専門店「湘南カレーパン シモンズ」 [絶品しらすカレーパン]通販サイト,カレーパン / 通販 / 食品
fast-nico.jp,カラオケ&ボウリングならファースト,
katsusayu.jp,かつみ?さゆりのなかよしがいちばん かつさゆ｜J:COMチャンネル,
kagoyui.jp,かごゆいテラス | 鹿児島県庁の18階からOPEN,
girlscollection.jp,ガールズコレクション,
easigrass.jp,ガーデニング人工芝　easigrass（イージーグラス） | ガーデニング人工芝専門店easigrassの公式サイト。お庭や施設に人工芝を施工されたい方はぜひ国際フラワー賞で人工芝では初となる金賞を受賞した弊社の作品をご覧ください。,
otokunet.jp,お得ネット　～お買得情報発信サイト～,
kakubetsu.jp,お酒の通販・配達・宅配の【なんでも酒やカクヤス】,
mbpc.jp,お絵かき掲示板 レンタル／モバピク ｜ 無料 デコメ 画像作成,
marudai-co.jp,お菓子問屋・株式会社マルダイ（おもしろお菓子倉庫）,
shop-craft.jp,オリジナルのスマホカバー・スマホケースならCRAFT｜スマホケースをオーダーメイド,スマホケース / オーダー / 通販
kishu-yosakoi.jp,おどるんや　～紀州よさこい祭り～ :: ホーム,よさこい / 祭り / 和歌山
nugget.jp,オタクコンサルのナゲット株式会社,
shop-ellie.jp,オーガニックブランドELLIE 公式オンラインストア,
oizo.jp,オイゾウ &#8211; オイゾウ | ホームページ制作・動画コンテンツ制作・ウェブコンサルティング,
onagoya.jp,お！なごや研究大学,
egaonooka.jp,えがおの丘 | 雄物川温泉,
aircon.jp,エアコン,
woodfiber.jp,ウッドファイバー|北海道の森から生まれた木質繊維断熱材,
marine-fish-center.jp,うさみ海事事務所,
kanen-support.jp,ウイルス肝炎サポート,
beyond-time.jp,インフルエンサーマーケティング　Beyond Affiliate,
inner-journey.jp,インナージャーニー旅行会社,
integral-inc.jp,インテグラル株式会社公式サイト｜integral.Inc,
nurseangels.jp,イケメン救護隊 ナースエンジェルス　オフィシャルサイト,
ion-green.jp,イオングリーン電力,
a-comfort.jp,アルファコンフォート |快適・安心・便利 単身ビジネスライフをかなえるハイグレードなライフサポートサービス付き賃貸マンション,賃貸 / 不動産 / 住宅
amazons.jp,アマゾネス,
amasan.jp,あまおじさんのらーめん紀行♪,グルメ / ブログ / ラーメン
taterubnb.jp,アプリでかんたんloT民泊運用 TATERU bnb(タテルビーアンドビー),民泊 / IoT / サービス
mc-shiyakusyo.jp,アパマン情報館新潟万代店｜新潟大学医学部周辺のアパート情報,
asoblog.jp,アソブログ - オトナも遊ぶエンターテインメントサイト[登録無料],エンタメ / ブログ / メディア
アスカ株式会社.jp,アスカ株式会社,
agribiz-fair.jp,アグリビジネス創出フェア2020,農業 / 展示会 / イベント
ahirunomori.jp,アウトドア雑貨のお店 あひるの森 | top,
iliferobot.jp,アイライフ/ ILIFE公式サイト,美容 / 健康 / ブランド
aichifarmnavi.jp,あいち就農ナビ - あいち就農ナビ,
douyukai.jp,あいおい同友会,
zootie.jp,zootie（ズーティー）｜ 神戸栄町を中心に展開しているセレクトショップ,
invisible-zone-cp.jp,zone,
z-anotherworld.jp,ZIPANG OPERA,
zexamarket.jp,ZEXAMARKET,
zephyrboat.jp,ZephyrBoat　より良い商品をお客様へ　ゼファーボート,
ixthus.jp,You are the light of the world.,
whodidit.jp,WHO DID IT?,メディア / エンタメ / 情報
kindvisa.jp,VISAの申請・取得代行ならKiND行政書士法人,
us-ag.jp,us. | アス・サステナブル農業,
ur1.jp,URL短縮ちゃん,ツール / URL短縮 / Web
urlz.jp,URL短縮ｻｰﾋﾞｽ(ﾓﾊﾞｲﾙ対応)/ﾊﾟｽﾜｰﾄﾞ認証/ｱｸｾｽﾛｸﾞ/URLZ,
arts-tabi.jp,Toyooka Art Season 2024 AUTUMN/WINTER | Toyooka Art Season,
cyclingplus-numazu.jp,TOP｜CYCLING+ numazu city - 沼津市サイクリング観光情報サイト,
mwsoft.jp,Top Page | mwSoft,ソフトウェア / IT / 開発
cmuj.jp,TOP | 兵庫県立大学・カーネギーメロン大学・ダブルディグリー・プログラム,大学 / 留学 / 教育
houseandpicnic.jp,TOP | HAP - urban outdoor,
t-solutions.jp,TomoniSolutions,IT / ソリューション / 企業
tokyodaihekiga.jp,Tokyo Tokyo FESTIVAL Special 13「東京大壁画」,
thekiraku.jp,THEKIRAKU,
tftc.jp,TFTCテコンドー,
team043.jp,team043 | SQUARE ENIX,ゲーム / コミュニティ / スクエ
tablemania.jp,TABLE MANIA | 絵になる食卓をつくるweb magazine,食卓 / ライフスタイル / メディア
supandtrip.jp,SUP AND TRIP,
skzoocafe.jp,STRAY KIDS x SKZOO CAFE ‘THE VICTORY IN JAPAN - STRAY KIDS x SKZOO CAFE ‘THE VICTORY IN JAPAN,
stellagroup.jp,Stella Group,
starwalkers.jp,STAR WALKERS | 空飛ぶスポーツカー,
st-garage.jp,St Garage,
smilecbd.jp,smile CBD公式サイト-スマイルシービーディー,CBD / 健康 / 通販
s-makegym.jp,SMG | shukan make gym,
skykin.jp,SkyKin ｜国交省飛行技能認証校 沖縄ドローンスクール｜沖縄県ドローン専門家｜JUIDA認定スクール｜国土交通省飛行申請技能認証,
skyefootwear.jp,SKYE Footwear 日本公式サイト - 地球上で気持ち良く歩く ? SKYE Footwear Japan,
shibuyabridge.jp,SHIBUYA BRIDGE,商業施設 / 渋谷 / 再開発
presc.jp,SCSKプレッシェンド - ECトータルアウトソーシングのSCSKプレッシェンド,
saraghinaeyewear.jp,SARAGHINA サラギーナ 日本公式サイト,
sake-sennin.jp,Sakesennin | 日本酒・焼酎ポータル,
saintete.jp,Saintete｜サンテテ｜オフィシャルサイト｜メイドインジャパンブランド｜レディース,
onoryoko.jp,Ryoko Ono website,
riverall.jp,Riverall-リヴェラール-,
ritalabo.jp,RITA LABO | 利他のDNAを 世界へ、 そして未来へ,
teamrevo.jp,Revo｜eスポーツチーム｜Pro Gaming Team,
reach.jp,REACH,サービス / ブランド / 企業
rans-story.jp,Ran's Story | 基礎体温、月経周期、PMS対策、PEMS対策、PMDD対策で賢く毎日を健康に過ごすためのライフスタイルを提供します。,
rans-night.jp,Ran's Night 【就寝中に計測！装着式衣服内温度計】,ヘルスケア / 計測 / デバイス
quom.jp,QUOM | キュオムQUOM | キュオム,
qep.jp,Quick Effects plus／クイック エフェクツ プラス：Adobe After Effects用エフェクトテンプレート,
quatreinc.jp,Quatre Inc. | キャトル株式会社,
popupgallery.jp,POP UP GALLERY,
plusnatura.jp,PlusNatura,
piers2025chiba.jp,Photonics and Electromagnetics Research Symposium Chiba 2025,
paperbox.jp,paperbox_site,
pani.jp,PANI - 茶房パニ,カフェ / 飲食 / 店舗
pacific-idolmaster-racingproject.jp,PACIFIC RACING TEAM × THE IDOLM@STER Series RACING PROJECT SPECIAL SITE,
overseas-wedding.jp,OVERSEAS WEDDING in JAPAN | 提供對於在意禮服及和服的新嫁娘一個能安心挑選的新型OVERSEAS WEDDING,海外婚 / ウェディング / サービス
orizapan.jp,ORiZA＋パン食堂 - ORiZA＋パン食堂,パン / カフェ / 飲食
onedayapartment.jp,oneday apartment japan,
onetrackmind.jp,ONE TRACK MIND,音楽 / バンド / 公式
ollie.jp,Ollie Online Shop (オーリー・オンラインショップ),
bsoggi.jp,Oggi(オッジ)ー名古屋の結婚相談所,
npo-apsc.jp,NPO APSC 認定特定非営利活動法人 アジア太平洋心臓病学会,
codedigital.jp,NILE’S CODE DIGITAL,
nachikatsuura-gc.jp,NHG 那智勝浦ゴルフ倶楽部 公式ホームページ | ゴルフをするならNHGのコース,ゴルフ / クラブ / 和歌山
naturalwave.jp,NaturalWave &#8211; 日頃の疲れを癒すリラックス空間、NaturalWave（ナチュラルウェーブ）へようこそ。低料金・安心の技術力・待ち時間のない体制作りで、皆様のご来店を心よりお待ちしております。,リラクゼーション / サロン / 癒し
vegyard.jp,Natural Deli & Cafe veg.yard（ベジヤード）,
nassyifes.jp,NASSYI FES. Presents CHARAMETAL BAND CHARAMEL Ghoul City TOUR 2019,音楽 / ライブ / ツアー
w02.jp,MyASP（マイスピー）,メール配信 / マーケ / ASP
musubiwork.jp,musubi - くらしのどうぐの店,雑貨 / 生活 / 店舗
motormotor.jp,motor!!motor!! &#8211; モーターサイクルライフスタイル　ウェブマガジン | Motorcycle Lifestyle Web Magazine,
molls.jp,molls official website,
minamiku-art-next.jp,Minamiku Art Next - 福岡市南区のアートの取り組み,
mejiwoo.jp,MEJIWOO OFFICIAL JAPAN｜ミジウ 日本公式通販サイト,
gleague.jp,Megane League メガネリーグ,
yamagata-lp.jp,LPガス料金負担軽減支援事業 LPガス料金値引きのご案内,
muranen.jp,LPガス・石油、給湯機・ボイラー、ガステーブル・炊飯器、エアコンクリーニング。| 新潟 阿賀野市 ムラヤマ燃料,ガス / 燃料 / サービス
linenet.jp,Linenet｜株式会社リョウセイ,
lifeaccent.jp,LIFE ACCENT,
libertygate.jp,Liberty Gate,
kyotonest.jp,KYOTO NEST｜京都烏丸今出川の音楽スクール,
kurodaya.jp,Kurodaya,不明 / 企業 / サイト
koseihd.jp,KOSEI,
komado.jp,komado -コマド- | 川口が好きになるエリアライフマガジン,
kisoriko.jp,"KisoRiko - 基礎理工学科 - Department of Engineering Science, OECU",大学 / 学科 / 教育
kfes.jp,KFES - 韓流スターのイベント情報がここに集まる！,
keeptech.jp,KEEPTECH JAPAN | Keep Sake Fresh | Singapore,
kcclive.jp,KCC LIVE 2025  |  Kanazawa Coronary Conference,
kanegasaki-gc.jp,kanegasaki-gc.jp&nbsp;-&nbsp;Diese Website steht zum Verkauf!&nbsp;-&nbsp;Informationen zum Thema kanegasaki gc.,
sports-news.jp,JPスポーツニュースハブ -最新＆話題のスポーツニュースを完全網羅！,
jjcare.jp,JJけあサービス (じぇいじぇいけあさーびす),
japan-hs.jp,JHS株式会社（旧社名：日本住宅サービス㈱）｜SUNMAN（サンマン）,
jseed.jp,JAICシードキャピタル株式会社,
jcom-cabletv.jp,J:COM/ジェイコムネットキャンペーンお申し込みサイト,
aube2007.jp,Hotel AUBE・ホテルオーブ,
akaoni.jp,Hot Presenters from KOBE 神戸から飛び出したホッとプレゼンターズ  劇団赤鬼公式WEBサイト - 【劇団赤鬼】Gekidan Akaoni Official Site,劇団 / 演劇 / 神戸
kiratis.jp,HOME│|株式会社キラティス,フィットネス / ピラティス / 企業
jgu.jp,HOME | 日本地形学連合,学会 / 地理 / 団体
takasugimahiro.jp,HOME | Takasugi Mahiro,俳優 / 公式 / 芸能
le-maquillage.jp,HOME | Le Maquillage,
expiece.jp,HOME | expiece公式サイト,音楽 / アーティスト / 公式
chikusa-hs.jp,home - 兵庫県立 千種高等学校,高校 / 教育 / 兵庫
mikawa-sci.jp,Home - 三川商工会　新潟県阿賀町,
almighty-ame.jp,HOME - 株式会社オールマイティ姫路：作り手の声に応えるタンナー,
on-campus.jp,Home - On Campus,
amadeusmusic.jp,HOME - amadeus-amadeus ページ！,音楽 / バンド / 公式
hiphopdictionary.jp,Hip Hop Dictionary | Dance Music x Travel,音楽 / ヒップホップ / 用語
heysha.jp,HEYSHA - スタートアップのためのオフィスサービス,
handai-coop.jp,handai-coop.jp_大学生協,
g-kon.jp,Ｇコン - 北海道６都市同時開催 超巨大街コン！！,
grandeur-salon.jp,GRANDEUR,
givelog.jp,GiveLog | 網羅的な情報とサービスで起業から採用までトータルサポート | はりねずみ,
fifty-fifty.jp,"FIFTY CO.,LTD. | 株式会社フィフティ",企業 / 製造 / 会社
ferri.jp,Ferri web site,個人 / ポートフォリオ / サイト
fam-web.jp,FaM｜ファム,
f1world.jp,F1world - Jun Imamiya Formula Web,F1 / モータースポーツ / メディア
erimotoyoniko.jp,Erimotoyoniko,
ekokoro.jp,ekokoro.jp &#8211; Just another WordPress site,
eeinc.jp,ee株式会社 | HOME,
eelphone.jp,EelPhone - iOSとAndroidの専門移行者,データ移行 / スマホ / ソフト
dubbleworks.jp,DUBBLE WORKS | ダブルワークス オフィシャルオンラインストア,
oraclecosmetic.jp,Dr.Oracle | 日本公式オンラインショップ,
kinugawa-onsen.jp,DMC鬼怒川温泉｜四季あふれる由緒ある温泉へようこそ,観光 / 温泉 / 地域
digifort.jp,digifort / TOPページ,
dc-group.jp,DC GROUP,
antia.jp,D ・ O ・ T （ドット）青梅線 東京都福生市 美容室 美容院 縮毛矯正 エクステ HOME,
crosspark.jp,CROSS PARK,
corecurry.jp,CORE CURRY |  沖縄のインドカレー店からオリジナルカレーをお届けします,
cohan-cotton.jp,cohan,
letterpen-cocoiro.jp,COCOIROとは | ZIG Letterpen COCOIRO - 株式会社呉竹,
dai-job.jp,Coccoさん非公式ファンサイト I'm Fine!,音楽 / ファン / 非公式
chram.jp,CHRAM official,
chiba-tour.jp,Chiba Prefectual Government,行政 / 公式 / 自治体
gptopenai.jp,ChatGPT日本語 (チャットGPT) 無料版,AI / チャット / サービス
imindmap.jp,Buzan&#8217;s iMindMap: 思考プロセスとコンピュータを融合させたマインドマップソフトウェア,マインドマップ / ソフト / ツール
buckskinbeer.jp,Buckskin Beer｜バックスキンビール｜Be Creative｜台湾発のジャーマンスタイルビール,ビール / 台湾 / ブランド
bsscosmo.jp,BSSコスモ,
b-side-web.jp,B-side ビサイド,
brightx.jp,BRiGHT X （ブライトエックス） 公式メーカーサイト,
babymee.jp,BABYMEE | イガリシノブ プロデュースブランド,コスメ / ブランド / 美容
ascf.jp,ASCFURL,
ads405.jp,Artist-Direct Shop 405/TOPページ,
arkus.jp,ARKUS,
andmarks.jp,and marks株式会社｜地方の魅力を世界へ。,
all-oneuniverse.jp,ALLONE｜ズーヨークを立ち上げたロドニー・スミス氏による新スケートボードブランド &ndash; all-oneuniverseJP,
allrightprinting.jp,ALL RIGHT PRINTING,
floating-media.jp,Air Floating Media HUB | 空中に浮遊する新しい表現メディア,
agriwarriors.jp,AGRI WARRIORS｜攻める農業,
hatsumo-web.jp,AGA・薄毛治療のことなら発毛Web｜GSK,AGA / 薄毛 / 医療
adre.jp,ADRE 不倒産情コンソーシアム- Home,
adomio.jp,ADOMIOオフィシャルウェブサイト,
academicworks.jp,academic WORKS,
311tohoku.jp,3.11東日本大震災 市民とボランティアのつどい,
peanuts-holiday.jp,☆PEANUTS HOLIDAY☆,キャラクター / イベント / 公式
chojungseok.jp,☆CHO JUNG SEOK JAPAN OFFICIAL FANCLUB☆,
night1.jp,<公式>パーティードレス通販NIGHT1(ナイトワン),
rikonsoudan.jp,【浮気調査の窓口】 浮気・不倫・離婚の悩み相談 夫婦問題カウンセリング,
addict-care.jp,【表参道】誰もが憧れる艶髪をご提供│ADDICTCARE,
th-job.jp,【登録販売者/専門】求人･転職･情報サイト｜CME@登録販売者JOB,
bi-shin.jp,【新卒・中途 採用募集中】美容鍼灸ビハリスト求人サイト｜国内トップクラスの待遇を誇る美容鍼灸グループで国家資格を活かす,
kamiooka-skhotel.jp,【公式サイト】上大岡SKホテル,
moniwasou.jp,【公式】茂庭荘｜令和5年10月｜貸会議室再開｜駐車場200台無料,宿泊 / 施設 / 会議
hyakunen.jp,【公式】百年の青汁　｜百年の青汁は長命草がたっぷり入った健康・アンチエイジングが気になる方に人気の青汁です,
muni-muni.jp,【公式】世界のジン１００種類　アンティークカフェ恵比寿ムニムニ,
akita-kizuna.jp,【公式】秋田ペットプラザ絆～ペットとの共生を目指して～〈ドッグラン〉,ペット / ドッグラン / 施設
akita-yasuragi.jp,【公式】秋田ペットプラザやすらぎ～大切なペットとのお別れをまごころ込めて～〈ペットの火葬・葬儀・納骨堂〉,
noa-world.jp,【公式】株式会社ノア 名古屋を中心に飲食店 総合プロデュースからクラウドファンディングは弊社にお任せください。,
diczero.jp,【公式】フロアマット専門店ＺＥＲＯ（フロアマットゼロ）は車のカーマット専門の制作販売店です。,
hotel-granrina.jp,【公式】グランリーナ金沢 &#8211; 女性専用シェアハウス・アパートメントホテル &#8211; 初期費用無料ですぐに金沢ライフをスタート！,
grandselect.jp,【公式】グランドセレクト｜三島コーポレーション&times;ハウスメーカーの宅地分譲ブランド,
craftalk.jp,【公式】クラフトーク｜テレビ局による聞ける買えるLIVE配信,
kagamidaen.jp,【公式】かがみ田苑 横須賀市立福祉援護センター,
vibli.jp,【公式】ViBLi.(ヴィブリ) - 女性専用パーソナルジム,
tuskbar.jp,【公式】TUSK（タスク） | 六本木ヒルズ WEST WALK /バー・レストラン,バー / レストラン / 六本木
rockboardwarwick.jp,【公式】ROCKGEAR | ロックギア | 株式会社山野楽器,
dreamscouts.jp,【公式】FUKUOKA DreamScouts performance corps｜トップページ,
connect-ailife.jp,【公式】CONNECT,
daysurala.jp,【公式】 放課後等デイサービス向けAI教材「すらら」,
afloat-store.jp,【カミカリスマ受賞サロンAFLOAT公式ショップ】AFLOAT STORE　アフロートストア,美容 / ヘア / 通販
makesweb.jp,【365日年中無休】宇治市の不動産情報はセンチュリー21メイクス,
job-empathy.jp,【 共感｜採用 】岡山の求人・ダイレクトSNS｜JOBエンパシー,
one-year-ago.jp,『開幕1年前「いくぞ！万博」フェスティバル』の追加出演者等が決定しました／大阪府（おおさかふ）,
nightfever-and-flash.jp,『サタデー・ナイト・フィーバー』ディレクターズカット 4Kデジタルリマスター版 『フラッシュダンス』4Kデジタルリマスター版 公式サイト,映画 / 洋画 / リバイバル
wrestlegrandslam.jp,『WRESTLE GRAND SLAM』特設サイト,
seedonline.jp,『TOKYO MER』の世界を「メタバース」で体験！ | ZEXAVERSE,
外苑の杜.jp,「シムティエール外苑の杜」公式ページ,
n28.jp,「かけるくらし by nagatanien」閉店のお知らせ,食 / ブランド / 終了
jf1.jp,《公式》JFエッセンス通販 -『 ジュエルファクター 』,美容 / 通販 / コスメ
clarity-oes.jp,《沖縄受験ゼミナールの個別指導》一人ひとりが光る塾！個別指導のクラリティ,
transformers-movie.jp,[200+] Transformers Wallpapers | Wallpapers.com,壁紙 / キャラクター / 画像
kaorista.jp,（公社） 日本アロマ環境協会,
fujilabo.jp,（株）フジ・デンタルラボ  |  人を笑顔にする歯科技工所,
datenabishoku-pj.jp,だてな美食 on・line 食ping プロジェクト,
pezzetti-cafe.jp,ペゼッティ ベルエクスプレス総輸入元 Pezzettiはイタリアのコーヒーメーカー エスプレッソマシン IH対応｜ダッチウエストジャパン,
qms-amed.jp,HOME｜QMS-AMED｜QMSの概念に関する研究者及び研究支援者への教育：AMED-研究開発推進ネットワーク事業,
cheer-camera.jp,0,
animekyara-ero.jp,アニメキャラのエロ画像・動画・ゲーム,
carewill.jp,ケアウィル研究会 | １人ひとりが自分の価値軸で生きていける社会をつくる,
yoga-well.jp,0,
eipmember.jp,0,
nfweb.jp,Domain Default page,
s-course.jp,s-course.jp ? このドメインはお名前.comで取得されています。,
nikujiru.jp,0,
i-tale.jp,0,
gemutlich.jp,スペシャルティ珈琲豆専門店 ゲミュートリヒ珈琲,
jastroseminar23.jp,0,
townnotobus.jp,能登町の公共交通,
ac-toki.jp,0,
komatsushima-seibutsu.jp,komatsushima-seibutsu.jp,
cute1.jp,名古屋・栄の風俗・水商売の賃貸なら賃貸メイト,
dinoone.jp,5秒で仕上がる！マスク着用による肌荒れにさようなら ｜dinoone（ディノワン）,
otameshi-satellite-office.jp,おすすめのオーダースーツ厳選 | オーダースーツの魅力を思う存分満喫しよう,
james-wanless.jp,James Wanless Japan-Dr.ジェームス日本公式サイト | LIFE NAVIGATOR &amp; MENTOR,
nissho-glass.jp,nissho-glass.jp,
kokurakosan-logi.jp,0,
dryaging-beef.jp,dryaging-beef.jp,
kimiiro.jp,コンテンツ準備中,
biomore.jp,ビオモア,
presea.jp,エックスサーバー サーバー初期ページ,
kozosushi-recruit.jp,0,
niigata-deai.jp,0,
prosim.jp,Vite + React + TS,
gfit.jp,クラシックギター保護カバー｜G-Fit（ジー・フィット）,
tochitate.jp,トチ×タテ／LEX（レックス） | 株式会社LEX 『土地×新築物件』のマッチングサイト,
gamefann.jp,エックスサーバー サーバー初期ページ,
pornstar.jp,0,
tacc.jp,0,
onoasami.jp,DOMAIN ERROR,
matataki.jp,毎日お魚、健康・安全『オフィスDEウパウパ』 - 株式会社またたき,
kynebiblog.jp,インターネットビジネスで自由を勝ち取ろう！,
koikatu-men.jp,Match for Men -男性向けの恋活総合メディア,
crocs-cp.jp,0,
aquagame.jp,アクアゲーム～安全で楽しいプールスポーツ,
sssfp.jp,Smart Life Design のオフィシャルホームページ,
2023pel.jp,2023pel,
impaqtfocus.jp,オナホナビ | オナホールを徹底レビュー,
niihama-kokutai.jp,"One moment, please...",
lien-partner.jp,エックスサーバー サーバー初期ページ,
fujishan.jp,ふじしゃん,
sdgsobakeyashiki.jp,【犬山】SDGs時代のお化けやしき,
iwami-yanagimura.jp,Slot 66Mega Slot Online Slot88 Slot 66 gacor terbaik,
e-akai.jp,赤井工作所 和歌山県岩出市,
matomate.jp,まとめて管理くん,
westhills.jp,ギャラリー・ウェストヒルズ,
31674.jp,司法書士法人杉山事務所の体験談！評判・口コミは本当なのか検証,
mugenkan.jp,夢幻館,
s-digital.jp,0,
e-bodyconditioner.jp,403 Error - Forbidden,
idolreview.jp,SAKURAアイドル動画レビュー,
verdymansiongallery-okayama.jp,ヴェルディマンションギャラリーBlog（岡山）,
ohira-oketani.jp,0,
axianet.jp,axianet.jp&nbsp;-&nbsp;Ce site web est ? vendre !&nbsp;-&nbsp;Ressources et information concernant axianet Resources and Information.,
yokohamabashi.jp,いきな下町 横浜橋通商店街 | Yokohamabashi Shopping District,
fukashiken-techno.jp,"One moment, please...",
inmylife-support.jp,inmylife-support.jp,
oga-tec.jp,キッズワークエキスポ in おおがき,
zubapla.jp,0,
kamogawa-jc.jp,【かもがわ電子書店】 - 【無料 FANZA厳選の2次元エロ作品を徹底紹介】,
ekahi-works.jp,競馬予想サイトランキング！おすすめの最新競馬予想サイト,
ramen-chonmage.jp,らーめんチョンマゲ,
ga-recruit.jp,HakuBino(ハクビノ)の口コミは？シミ取り効果なしという評判の真相を調査！,
bizcast.jp,人探し探偵を名古屋で依頼するならココ！浮気、子どものいじめ調査も,
sawarajc.jp,sawarajc.jp,
magitopia.jp,"One moment, please...",
eventplatform.jp,0,
sports-results.jp,Welcome to CodeIgniter,
wakayama-rebuild.jp,wakayama-rebuild.jp&nbsp;-&nbsp;This website is for sale!&nbsp;-&nbsp;wakayama rebuild Resources and Information.,
asahi-21.jp,asahi-21.jp,
fit-net.jp,水漏れ修理fit-net,
mimasaka-bibibi.jp,エックスサーバー サーバー初期ページ,
ruruscience.jp,0,
i-quick.jp,アイクイックiQuickはApple製品を即日買い取るサービス,
j-asia.jp,J Asia |,
oda70th.jp,トップページ - トレンドおだ,
40jossm-keio.jp,日本プロ野球グレードアップ理論,
s-point.jp,SPOINT,
okudamari.jp,奥田まり公式サイト | 愛知県名古屋市東区・奥田真理(おくだまり),
nikko25.jp,nikko25.jp,
hoippo.jp,hoippo.jp,
bistrohouse-takiya.jp,広島県三次市 ステーキ・洋食レストラン｜ビストロハウス タキヤ,
investor123.jp,0,
instamodel.jp,SE転職者は必読！フロントエンドSEに重要なスキルとは,
honshin.jp,ホームページ - Honshin,
miyoshi-miraito.jp,403 Forbidden,
toubouyuu.jp,四国 愛媛県砥部町にある砥部焼の窯元 陶房遊,
echoez.jp,ななブログ | 転職に関するサイト,
jvs-studio.jp,"One moment, please...",
ueno-bookfesta.jp,トレンド速報NEWS | 今気になる芸能人のニュースやトレンドニュースをいち早く深掘りします！,
wcashmere.jp,doublecashmere,
chopdesign.jp,chopdesignweb,
bismillah.jp,建築・家庭料理テイクアウト専門店 | 森のいえ・森のごはん,
tropical-i.jp,エロ漫画タウン,
remobii.jp,とっぷページ | マイカーリース相談所「remobii」,
the-patina-style.jp,WordPress &#8211; Just another WordPress site,
farmland.jp,403 Error - Forbidden,
ncompass.jp,ぬましんCOMPASS | まちづくりプラットフォーム,
yumikatsura-cafederose.jp,yumikatsura,
kin-shachi-2021.jp,【公式】名古屋城 金鯱展 [守り神降臨、海と山の祈り],
tact2024.jp,tact2024.jp,
lama-photo.jp,カントン包茎の治療って痛い！？費用や術後の事を体験者が語る,
highlab.jp,0,
kaohaircare-jujutsukaisen.jp,0,
b-earth.jp,Welcome Casino Online b-earth.jp,
narrativ.jp,narrativ,
u-labo.jp,U-labo &ndash; ulabo,
ja-myouzai.jp,みょうざい,
littlekingdom.jp,未来は裏切りの彼方に,
avrs.jp,AVRS（アブルス）,
insidefocus.jp,INSIDE FOCUS｜自分に目を向ける動画コラムコンテンツ,
winesaver.jp,repour wine saver &#8211; Welcome to a better way of saving wine and nihonshu,
flowerroad-contact.jp,,
ichimasa60th.jp,入力フォーム｜いちまさ60周年感謝キャンペーン,
arata-sangyo.jp,安良?産業株式会社 求人サイト,
iwatedai-sanriku-hort.jp,Maintenance,
ns5k.jp,【西新宿五丁目北地区防災街区整備事業準備組合】のホームページ,
not-equal-me-kuji.jp,≠ME（ノットイコールミー）くじ,
キュービクル.jp,DOMAIN ERROR,
ningenmi.jp,株式会社人間味｜心を動かし、数字を動かす「付加価値マーケティング」,
hakoniwa-lab.jp,オーディオ&amp;ガジェット専門店 | HAKONIWA LAB &ndash; 01Diverse,
the-personal-gym.jp,無効なURLです,
inspirelive.jp,,
ginnoyuki.jp,銀の雪 | 光によって記憶をたどる輝き,
tc7.jp,トレカセブン,
ledleith.jp,エックスサーバー サーバー初期ページ,
salondecoco.jp,いつまでもエレガントで可愛い女性でいてほしい ｜Salon de COCO（サロン ド ココ）,
muku-mosaic.jp,無垢フローリング専門店 木魂｜木材コンシェルジュ厳選の無垢床材,
aromafortune.jp,,
yamada-home.jp,"Yamada Home | Thi?t k? ,thi c?ng n?i th?t v? c?ng tr?nh d?n d?ng H? N?i.",
cycleroute.jp,,
najob.jp,お水系(キャバクラなど)バイト/求人情報ならナイコレ求人【採用祝い金最大5万円】,
大阪中小企業投資育成.jp,大阪中小企業投資育成株式会社,
hyogoshatai.jp,自動車とご家族の安全と安心へのトータルサポート企業 ｜兵庫車体整備株式会社,
n-iseya.jp,炭火焼肉いせ家（公式ホームページ）,
ironbase.jp,IRONBASE（アイアンベース） | 鳥取県境港市のIRONBASE（アイアンベース）は、理想の身体づくりをサポートするパーソナルジムです。,
best-programming-school.jp,ベストプログラミングスクール,
macher.jp,macher,
mamaninaru.jp,妊娠・出産・育児に関する情報サイト - MAMAniNARU,
payoff-debt.jp,ペイオフ | 借金問題の解決方法を紹介,
devlotec.jp,大容量バッテリー大阪府の株式会社デブロテックへ,
wordpressday.jp,WordPress DAY | WordPressの始め方からカスタマイズまで発信するWordPress専門メディア,
oimachinohariqin.jp,"品川区大井町 不妊,逆子治療 自律神経失調 女性専門経絡治療鍼灸院",
kanjin-kaname.jp,Welcome to Kaname！ - kanjin-kaname-eng ページ！,
contentsmonster.jp,株式会社コンテンツモンスター,
ssmm.jp,エロ動画満載！ &#8211; missavなどの違法サイトSTOP！,
yoikonet.jp,yoikonet.jp,
yamachu-kimono.jp,ご案内 - やま忠 きものクリニック,
change-academy.jp,エックスサーバー サーバー初期ページ,
sun-coat.jp,"One moment, please...",
shunkos.jp,シュンコーズ,
babycell.jp,再生医療のポータルサイト【ベビーセル】 | 再生医療で肌を若返らせる,
seien-pfi.jp,西遠PFIサービス株式会社【浜松大平台高等学校PFI事業】,
recruit-bridgestone-retail-japan.jp,,
f-est.jp,福岡市城南区の防水工事・塗装工事は 株式会社ＥＳＴ（イー・エス・ティ）,
bagobago.jp,,
isbk.jp,インターナショナルソーシャルビューティーカナザワ（ソルビ）│ 石川県金沢市の美容専門学校,
labo7.jp,LABORATORY No.7（ラボナナ）,
selecture.jp,EC・ネットショップ物流倉庫アウトソーシングをご提案します | セレクチュアーソリューション,
bridge-construction.jp,橋梁建設事業協同組合 | BCAは橋梁建設事業を行う企業組合です,
kurazemi-recruit.jp,,
shinsotsu-shukatsu.jp,学生の就職相談なら【新卒就活プラス】新卒特化の就活エージェント - 【2024年最新】面接対策に強い就活のプロフェッショナル集団 - 『自己分析』から『業界研究』、『履歴書添削』や『面接トレーニング』など、プロの就活アドバイザーが就職活動から内定まで徹底サポートします。,
intimsut.jp,東京大学医科学研究所附属病院 専門研修の案内,
ashitano-web.jp,アシタノ | TOP,
digitalbpm.jp,,
mcafe.jp,倉敷のMcafe エムカフェ,
fukumoto-office.jp,福本司法事務所,
arbot.jp,Arbot Corp. &#8211; Making robots work in the society,
cocorobase.jp,パーソナルジム / ココロベース枚方長尾店,
limeinc.jp,メンテナンス,
jscpt7.jp,第7回日本臨床薬理学会近畿地方会,
beautyworks.jp,サロン電子カルテ＆顧客管理アプリ丨BeautyWorks（ビューティワークス）,
lanap.jp,,
universtory.jp,TOP Page - UNIVERSTORY,
oap-net.jp,,
gyokei.jp,炭火串焼 暁鶏 | 東十条駅南口徒歩1分 炭火で1本1本丁寧に焼き上げた総州古白鶏やみそらーめん、餃子、チャーハン、親子丼は絶品です。,
sonbei.jp,Sonbei,
110style.jp,博多 | 110-barbershop,
crea-job.jp,和歌山市の歯科衛生士・歯科助手求人サイト｜クレア歯科クリニック,
scagency.jp,Welcome Casino Online scagency.jp,
salon-labeaute.jp,La beaute アイラッシュ専門店 ラ・ボーテ（まつげエクステ）| 石川県野々市市,
suimintei.jp,水眠亭,
alicegirl.jp,アリスガール【alicegirl】 | 鹿児島天文館のナイトワーク/ガールズバー求人はこちら!!,
niji-creation.jp,Site is undergoing maintenance,
aifan.jp,AI Fan,
fandom.jp,fandom.jp&nbsp;-&nbsp;This website is for sale!&nbsp;-&nbsp;fandom Resources and Information.,
m-mall.jp,プカプカ通販ショップ【PUKAPUKA】ココナッツオイル専門店,
pimil.jp,Pimil (ピミル),
joujouboite.jp,301 Moved Permanently,
karikaru.jp,KARIKARU -住宅ローン借り換え代行サービス- | 住宅ローン借り換え代行サービスKARIKARU。テクノロジの力で営業利益を最大化,
umilog.jp,ウミログ | 海とカメラと暮らしのモノ,
grit-hair.jp,Grit（グリット） &#8211; 【三宮・元町】美容院,
blaynsupport.jp,FX取引 - スキャルピングで勝負！,
good-implant.jp,インプラント歯科治療をお考えですか？,
bic-lighter-mabi.jp,BICライター×くっきー！“魔火（マビ）”ライター、誕生_BICジャパン株式会社,
archery-nagoya.jp,名古屋市アーチェリー協会,
unitama.jp,,
scaj.jp,scaj.jp,
cheerbiz.jp,ホーム | 株式会社チアビズ | アンガーマネジメント・パワハラ研修 | 講師 佐伯るみ,
hi-cre.jp,,
ai-ni.jp,AIに &#8211; ChatGPTに全力で頼って作ったAIとの会話まとめサイト,
sendai-nokotsudo.jp,仙台の永代供養・納骨堂なら仙臺納骨堂〈経王寺室内御廟〉,
recruit-maturity.jp,株式会社マテュリティ グループ会社 求人サイト &#8211; 株式会社マテュリティ グループの求人サイトです,
ecoshop-aomori.jp,太陽光・オール電化の格安販売 安心の自社施工！エコショップ青森,
tokuneko.jp,トクネコ株式会社,
poquito.jp,poquito｜飼い主さんとワンちゃんの快適な日々をサポート,
kicho-daikou.jp,記帳代行・経理代行なら記帳代行.JP,
joseikin-life-mates.jp,新宿区の社労士｜助成金申請代行コロナ対策助成金相談センター,
sush.jp,クイーン カジノ - 最高のカジノソフトウェアとスロットプロバイダー,
shadowprotect.jp,しまねこのブログ,
k2-style.jp,一人暮らしのモダンインテリア,
switchback-bindings.jp,SWITCHBACK BINDINGS│スイッチバックバインディングオフィシャルサイト,
quattro-foglio.jp,味の店 花菱/クアトロフォリオ｜長野県伊那の和食とイタリアン、箕輪.レンタルバス.送迎,
kawasaki-nagoya.jp,,
koushin-kai.jp,熊本の空手道場｜光進会,
kotrajobfair.jp,2025 GLOBAL TALENT FAIR,
recoco.jp,Detox Salon Re:coco,
spiceflaver.jp,スパイス専門店 スパイスフレバ―｜公式サイト,
jli.jp,特定非営利活動法人（NPO法人）日本生活向上協会,
hanae18.jp,,
acme-osaka.jp,大阪 敏感女性専門 高級デリバリー アクメ,
iwataki-ajisaien.jp,???????????? ????????????????ι??????????????,
mochikabu-g-ntt-union.jp,ホームページ移転のお知らせ | NTT労働組合持株グループ本部,
ahiroll.jp,あひろーるあい,
mashiko-jk.jp,,
seijo-nursery.jp,成城ナーサリィ・スクール,
aroma-yasumu.jp,,
sdi-works.jp,メンテナンス中です,
nurse-cuore.jp,メンテナンス中です,
targets.jp,名簿販売会社のターゲットは、最適な販売顧客名簿を業者・会社様に絞込・検索・販売致します,
koikatsusupple.jp,,
daily-match.jp,,
moss-net.jp,"One moment, please...",
webst.jp,WebStudio ログインページ,
bataleon.jp,Bataleon 24-25 Bataleon バタレオンスノーボード【マインドスクワッドディストリビューション】,
pj-h.jp,ピュアジャパン北陸,
webitem.jp,webitem.jp,
hanamegumi.jp,花めぐみ | 埼玉県は比企地方にある東松山の住人がお届けする土と森と草花への愛,
tamayaku.jp,玉野市薬剤師会,
bunbu.jp,青山文武塾,
oligonol-excel.jp,オリゴノールエクセル &#8211; Oligonol EXCEL,
pjnet.jp,?????E?????A?O?|???????????????????????O???????????,
fit-1-5-challenge-cup.jp,fit,
pacbo.jp,379 Work Terminal PACBO | 知覧平和公園で観光しながらテレワーク。,
shiftingretail.jp,Shifting Retail,
yanapo.jp,やなぽ｜柳川おもてなしカード会,
kentaijutsu.jp,無題ドキュメント,
gemnet.jp,貴金属・宝石販売のプロショップ！ジェムネットクラブ,
the-ateam.jp,THE A TEAM｜ザ・エイチーム,
tecmalab.jp,TECMA Lab,
kaigonoanmut.jp,長崎の介護施設｜アンムート櫻馬場,
garage-equipment.jp,NSK整備機器 | プロの為の工具専門ショップ,
jobsa.jp,,
econet-ikoma.jp,エコネットいこま | 守っていこう 地域の自然と人にやさしい環境,
east-golf.jp,EAST GOLF イーストゴルフ－トップページ－,
fairways-fukuoka.jp,,
stepsolution.jp,ネルマットレスの口コミに悪い評判は本当？後悔しないための選び方を徹底解説,
spiritwalker.jp,スピリットコミック |,
nishimera-gibier.jp,西米良ジビエ &#8211; 宮崎県西米良村,
cues.jp,,
fdn-24.jp,フコイダンの通販《公式》フコイダンライフSHOP,
ieco.jp,エックスサーバー サーバー初期ページ,
pokeyobi.jp,,
5honyubi.jp,,
car-sharing.jp,,
kyowa1121.jp,協和工業株式会社のホームページ | 協和工業では、ガス工事のほかに、介護予防・日常生活支援事業を行っています。,
anr.jp,anr.jp,
hmj-quickguide.jp,オーナーズマニュアル クイックガイド,
deli9.jp,【デリ求サーチ】全国デリヘル求人（風俗求人）情報満載の検索エンジン,
chiba-chokubai2021.jp,ちょうさぶ | 「気になる」を淡々と調査する部活,
theagencyonline.jp,THE AGENCY ONLINE,
gamegum.jp,株式会社ゲームガム：GAMEGUM JAPAN,
adecchairs.jp,A-dec（エーデック）歯科ユニット｜Ivoclar Vivadent株式会社,
jgranheiwa82.jp,"トップ｜公式/ジェイグラン平和｜天神エリアまで2,5km圏内の新築マンション",
shinshu-to-asobo.jp,,
shugyo-kisoku.jp,就業規則.jp,
gmhp.jp,準備中,
kitakamigyu.jp,きたかみ牛 消費拡大推進協議会│至高の味わい きたかみ牛を全国へ,
j-cocomo.jp,,
percora-shop.jp,ペコラファーム オンラインショップ｜北海道士別市のサフォークラム販売,
fx-guide.jp,403 Error - Forbidden,
cntsv.jp,今日から役に立つDX情報│有限会社CNTサービス,
bidc.jp,【早分かり！】タヴァティーはどこで売ってる？ 販売店を徹底調査,
raffinato-online.jp,,
robobakkon.jp,robobakkon,
rikon-lawyer.jp,大阪・京都の離婚相談は、「女性のための離婚弁護士相談」へ,
osaka-seturitu.jp,トップページ,
c-full.jp,トップページ｜キャリアフルコース,
best-v.jp,,
allurewax.jp,和歌山市のブラジリアンワックス専門店AllureWaxアリュールワックス,
raprap.jp,エステティックラプ,
bluff.jp,大阪ミナミのポーカーバー BLUFF BAR,
ecotrade.jp,リサイクルショップ 北九州市八幡・直方・宗像エリアの買取はリサイクルトレードへ,
cocktail-bar.jp,京都カクテルバー／四条烏丸、河原町・木屋町、先斗町、祇園、京都駅周）,
rhazes.jp,COFFEE HOUSE RHAZES,
fmam.jp,From あまがた [フロムあまがた] 静岡県森町の特産品販売,
nakamuraya-mie.jp,和菓子【ナカムラ屋】ホームページ 松阪市で和菓子なら、職人が作るこだわりのお菓子。贈り物、手土産や法事、慶事のお供に。,
amamikokutoshochu.jp,AMAMI KOKUTO SHOCHU | The Exclusive Shochu from Japan's Amami Islands,
pica-gear.jp,無効なURLです,
tanpact.jp,,
huug.jp,屋外用LEDビジョンとは？特徴や仕組み、メンテナンスについて徹底解説！設置する際に知っておくべき知識について！,
yoshino-garo.jp,? このドメインはお名前.comで取得されています。,
syohinken.jp,はちのへ共通商品券 :: ホーム,
zometa.jp,ゾメタ ノバルティスファーマ株式会社,
formeweb.jp,FORME metal art smith ／関西発ジュエリーブランド,
hyojito-frater.jp,無効なURLです,
jamel.jp,アイフル初回窓ロ,
i-love-puky.jp,プッキー三輪車 ｜ I love PUKY,
adans.jp,adans恋愛応援隊,
zexaevent.jp,,
global-eng.jp,,
feela.jp,銀座で痩身エステサロン・小顔フェイシャルならFeela,
niigata-miraijuku.jp,niigata-miraijuku.jp&nbsp;-&nbsp;This website is for sale!&nbsp;-&nbsp;niigata miraijuku Resources and Information.,
hotel-monselaton.jp,ホテルモンセラトン【公式サイト】｜千葉駅・千葉中央駅・京成千葉駅,
minano-marugoto.jp,サイトは閉鎖しました,
fudousan-tenshokuroot.jp,不動産業界・宅建士専門の転職エージェント【不動産転職ルート】,
fifties.jp,,
jsns2022.jp,日本中性子科学会 第22回年会 | JSNS2022,
toyosaka-sci.jp,タイ移住,
hotel-king.jp,浜松駅周辺のラブホテルなら-駅から徒歩4分のホテルキング,
bic-foodproduce.jp,ホームページ閉鎖のお知らせ,
tsubasa25.jp,山口県|柳井市|特定非営利活動法人 つばさ,
ks-art.jp,霜月亀の個展 - 霜月亀が描いた作品を展示します。,
fm38.jp,Fish Market38°（FM38°）｜気仙沼から新しい漁業への取り組みを発信。,
coswheelevscooter.jp,ドメイン登録済み,
a-e-c.jp,YARUNESIAN,
me-mori.jp,"MEMORI | PHOTO STUDIO, SCHOOL &amp; SALON | KOBE",
gunkan.jp,,
vape-world.jp,,
hokkaihodo.jp,,
motekicraftworks.jp,株式会社茂木クラフトワークス | 桧・杉の集成材製造販売｜群馬県富岡市,
yasakasangyo.jp,雲のやすらぎレビューサイト！評判から最安値の販売店まで解説,
radiance4u.jp,催眠療法でこころ輝きシアワセ人生,
it-tool-takumi.jp,"One moment, please...",
jocadomi.jp,jocaDomi JICA海外協力隊経験者や国際協力関心者向けの会員SNS,
otoku-navi.jp,,
studiokobe.jp,studio KOBE - スタジオ神戸 写真撮影＆レンタルフォトスタジオ,
tangoargentino.jp,タンゴサロン ロカ-Tango Salon LOCA,
skou.jp,SDGs高校,
borakami.jp,Borakami Club - Japan,
hondadc.jp,,
gamestudy.jp,,
euro-football-academy.jp,Euro Football Academy | ユーロ・フットボール・アカデミーは日本のサッカーの未来を担う選手とコーチを育成します,
yiel.jp,レギンスマニア｜Just another WordPress site,
komei-okayama.jp,公明党岡山市議団,
murakoshi-syamorockpark.jp,無効なURLです,
kaifuku-yonago.jp,米子市 整体 からだ回復センター米子,
tokyo-evergreen.jp,Tokyo Evergreen Clinic,
rodam.jp,当たると評判良い電話占いおすすめ10選を20サービスから比較！,
asahinoboru.jp,あさひのぼる オフィシャルサイト,
yorozu-plus.jp,愛知県安城市人気のイタリアン「ベジトルノ」でワインを,
watch-lovers.jp,watch lovers(ウォッチ・ラバーズ)は、“時計愛好家”にとって有益な情報を提供したいという思いで作られたWEBメディアです。│watch lovers,
lalamusic.jp,,
andpetals.jp,andpetals.jp,
fot575nihonmatsu.jp,,
coz.jp,Fast URL Shortener | Coz.jp - The new link shortening website,
tatsuno-hotaru.jp,信州辰野町 おいでよほたるの里 ほたる暮らし,
hakobimasenka.jp,運行管理システム「運びま専科」,
y5-n.jp,,
preftottori-bousai-view.jp,鳥取県リアルタイム雨量・河川・道路・カメラ情報,
dragonmall.jp,オロシィ- OLOC|BtoB向けECサイトを無料で開設・運営,
prexi.jp,ふわ肌すっぴん日和。 &#8211; ― 今日の肌と気分が、ちょっと晴れる場所 ―,
kanaloco-housing.jp,かながわの家 | 神奈川県での住まい相談に,
itoh-museum.jp,itoh-museum.jp &#8211; Just another WordPress site,
niigata-taiki.jp,,
souzoku-t.jp,相続専門サイト |,
ushikama.jp,牛津蒲鉾｜すべてにおいて素材にこだわり、贅を尽くし、本物志向の方が本当に満足できる味わいを追求しました。,
hayariuta.jp,流行歌.JP,
spotskateboarding.jp,SPOT SKATEBOARDING | スケートボードのWebメディア,
koho-shinagawa.jp,,
densan-world.jp,エックスサーバー サーバー初期ページ,
maidookini.jp,ネット証券を徹底比較！初心者におすすめの証券会社はココ,
shiawasenotegami.jp,仕合わせの手紙,
luckyniki.jp,オンラインカジノ業界No.1ラッキーニッキー（LuckyNiki）！,
miyoshikamotsu.jp,ドメイン登録済み,
mutuura-careplaza.jp,横浜市六浦地域ケアプラザ,
e-33.jp,e-33,
iwasaki-souden.jp,株式会社イワサキ | 福岡県中間市の送電線建設 保守 修繕工事会社,
kyoetsuhonten.jp,kyoetsuhonten.jp,
hamburgirl.jp,ビール醸造所がつくる、こだわりの本格バーガー｜hamburgirl[ハンバーガール],
amei-kouiki-u.jp,大学間連携 臨床医工学 情報学 高度人材教育プログラム,
restinpeace.jp,Rest In Peace | Web集客の問題を解決するメディア,
ikwc.jp,漢方インフルエンサー | My WordPress Blog,
hdx.jp,hdx.jp&nbsp;-&nbsp;This website is for sale!&nbsp;-&nbsp;hdx Resources and Information.,
wiseschool.jp,中高年のためのパソコン教室、富士通オープンカレッジ,
wa-2.jp,東武東上線中板橋・創作和食の店 wa2～wani～,
jgran-f58.jp,《公式》ジェイグラン船堀｜JR西日本不動産開発の新築分譲マンション｜都営新宿線「船堀」駅徒歩7分｜東京都江戸川区,
mesmerism.jp,これイイ！レビュー通信,
chuoudenki-tsushin.jp,中央電機通信株式会社,
decodesystems.jp,,
rerise-association.jp,Re・rise協会,
flightworks.jp,"One moment, please...",
knsonline.jp,KNSオンライン,
beppin.jp,豊橋市の美容室「べっぴん」BEPPIN'S,
fukoidan.jp,403 Error - Forbidden,
kenkou-kankyou.jp,「環境・健康お役立ち情報」自然で無害に洗濯・消臭・燃費改善 - 環境・健康お役立ち情報,
azs-group.jp,AZS entertainment -アザス エンターテインメント-,
asahikawa-vaccine.jp,Index of /,
yoshitakeshika.jp,yoshitakeshika.jp&nbsp;-&nbsp;Diese Website steht zum Verkauf!&nbsp;-&nbsp;Informationen zum Thema yoshitakeshika.,
lrg-tokyo.jp,,
clear-file.jp,クリアファイル 印刷工房｜オリジナルクリアファイルのシルクスクリーン印刷,
freiheit.jp,[ freiheit : creative production ],
merveille-lune.jp,2025年からの大変革時代に爆稼ぎする最新手法一挙公開！【完全保存版】,
dokofes.jp,【どこフェス】どこでもお祭り北海道,
myokokogen-gc.jp,NHG 妙高高原ゴルフ倶楽部 [NHG Myokokogen Golf Club],
atsushi-suzuki.jp,Domaine Atsushi Suzuki,
biz-eigo.jp,びずえいご｜社会人が会議をこなせる英語力を身につけるための勉強法を発信,
rounen33.jp,格安航空券で行く！福岡満喫旅：グルメも観光もお得に楽しむ方法 - 気になる場所へ、カメラ片手に。,
mangetsu-maruche.jp,満月マルシェ,
suibara-sci.jp,公式サイト｜テンプレート,
stabilityshaft.jp,スタビリティーシャフト・米国BGT社が開発したパター専用シャフト,
elnino.jp,えるにーにょ,
umi-darwn.jp,海ダーウィン的ブログ |,
louvre-totalbeauty.jp,生駒・八木で人気の美容室・美容院のルーヴル（LOUVRE）,
orangetown.jp,ビューティーマスターのおすすめアイテム集,
shonan-navi.jp,陶器の流儀,
ikinomatsubarasokkosho.jp,,
sushisho.jp,皿鉢と仕出しのすし正【公式】,
akiya-hp.jp,"One moment, please...",
higuchi-taxoffice.jp,タイ移住,
tencafe.jp,,
u-cp.jp,防犯・見守りペディア｜ホームセキュリティ比較ガイド |,
rakusaigroup.jp,株式会社洛西自動車,
nagahamashi.jp,近世城下町ふるさとまつり &#8211; 近世城下町は、活気溢れる現代都市のルーツ。ここは若き秀吉の城下町。,
urumafudousan.jp,www.urumafudousan.jp:80 ? このドメインはお名前.comで取得されています。,
healogy.jp,Healogy | Healogy,
aztv.jp,AZTV,
minami-senshu.jp,,
styleworks-eshop.jp,エックスサーバー サーバー初期ページ,
mcrt.jp,,
hotel-rebun.jp,"One moment, please...",
kidacademy-sports.jp,KID ACADEMY SPORTS,
mitsuwa-tiger.jp,403 Error - Forbidden,
judrop.jp,JUDROP | 家族一人ひとりの人生をやさしく潤すライフスタイルブランド,
gem-market.jp,ダイヤモンド買取サイト,
truelight.jp,ココロとカラダの癒しサロン TrueLight,
lazure-tokyo.jp,美味しさに絶対の自信。ラジュール東京のお弁当｜ロケ弁・会議弁当に,
r2k.jp,来々軒・手書き文字画像作成サイト・オリビアニュートンジョン,
mito-film.jp,タイ移住,
baskematsuri.jp,性病検査ＳＴＤチェッカー【HIVエイズ・梅毒・クラミジア検査キット】,
bluepapaya.jp,,
keenonrobot.jp,keenonrobot ジャパン,
outfitters.jp,www.outfitters.jp ? このドメインはお名前.comで取得されています。,
sj-tochigi.jp,アドセンスで月１０万稼ぐ！ブログ実践記,
seibertron.jp,サイバトロンJAPAN 公式オンラインショップ &ndash; サイバトロンJAPANオンラインショップ,
mobi-ful.jp,車の修理・交換・洗車のことならモビフル | クルマに関する総合自動車サービス,
oswaldkouame.jp,オズワルドコミック |,
photogra.jp,,
net-planning.jp,ハーレーのオーナーが得する情報集,
tuku2.jp,健康暖義 KENkou-DANgi - 唯一無二の燻製ミックスナッツ,
sis-cc.jp,トップページ,
bigbangbox.jp,BigBangBox[ビッグバンボックス] | JR池袋駅徒歩10分のライブハウス・イベントスペース・レッスンスタジオ,
mydict.jp,みんなのMY辞書登録,
iyagilab.jp,iyagilab.jp ? このドメインはお名前.comで取得されています。,
poepoe.jp,オリジナルアクセサリー・雑貨のPoe(ポエ）,
machupicchu.jp,マチュピチュ -,
jra-summercp-2024.jp,サマーシリーズキャンペーン2024,
garage-hiro.jp,タイ移住,
himawari-nagano.jp,ひまわりさんさんブログ,
southwest-germany.jp,southwest-germany - southwest-germany,
yani.jp,yaniblog,
lfactory.jp,売り出し中のドメイン名です,
mekk.jp,仮サイト |,
the-roots.jp,Roots Career | 仕事やめたい疲れた人のブログ,
ホイールリペア.jp,アルミホイール修理 &#8211; アルミホイール修理,
tanakatei.jp,旧田中家住宅,
kyusyokutoban.jp,きゅーちゃんブログ | 気になったアレコレを調べます！,
print-sphere.jp,球面プリントサービス,
dicekey.jp,『ダイスき』(dicekey.jp),
hitomi-online-shop.jp,HITOMI ONLINE SHOP | 日登美 公式通販サイト,
shina-ginza.jp,まさひこの気になるブログ！ - みんなの気になるをお届けします,
tawarayama.jp,推しの履歴書,
nishimura-jig.jp,403 Error - Forbidden,
kimonodaijiten.jp,キモノブックス,
fuzoku-flash.jp,,
flw.jp,トップページ,
tanabe-neurosurg-hsp.jp,403 Forbidden,
youpapers.jp,よっぴーの坂道アイドルまとめ - 坂道アイドルを中心に投稿,
kanpai-meet.jp,カンパイログ -,
fujitaya-kyoto.jp,DOMAIN ERROR,
yuunakyoukai.jp,公益財団法人 沖縄県ゆうな協会,
goyardworld.jp,Goyard World,
kerokko.jp,Index of /,
otona-joshi.jp,大阪府岸和田市泉大津 デリヘル『オトナ女子 adult girls』,
wish-promotion.jp,AV女優モデルの募集・求人「Wish Promotion」,
usacoco.jp,usacoco,
albergo-diffuso-japan.jp,アルベルゴ・ディフーゾ,
blue-blue.jp,漫画用テンプレ | キャッチフレーズ,
library-masuda.jp,移転しました,
g20nagano2019.jp,Situs Slot Gacor Online Deposit Qris 10K Terpercaya - DEWA505,
coscare.jp,,
fourw.jp,フォーダブル｜アラサー、アラフォー女子のライフスタイル | アラサー、アラフォー女子のためのファッション・美容・婚活ブログマガジン,
sfk.jp,,
chiba-kun.jp,chiba-kun.jp&nbsp;-&nbsp;Diese Website steht zum Verkauf!&nbsp;-&nbsp;Informationen zum Thema chiba kun.,
aurora4d.jp,オーロラ4d,
eudaimonia-2025osaka-pavilion.jp,Eudaimonia - Virtual Osaka Healthcare Pavilion,
harevare.jp,HareVare,
cfd24.jp,ＣＦＤ初心者のためのＣＦＤ入門,
cotravel.jp,会員制ホテル比較,
shijonawate2.jp,漫画タウン,
skellig.jp,スケリグ 公式ホームページ ｜ 2020年7月～9月上演 ｜ 公演日程・チケット情報など,
shukatsu-mikata.jp,ドメイン登録済み,
pikule.jp,,
jscc.jp,さくらのレンタルサーバ,
okamisan.jp,,
rugbycity-fuchu.jp,エステに重点置くここ新橋では派遣型と出張型のマッサージの詳細を表示,
ho-shindo.jp,ho-shindo.jp&nbsp;-&nbsp;T?m? WWW-sivu on myynniss?.&nbsp;-&nbsp;ho shindo L?hteet ja tiedot.,
b-chance.jp,東大阪（布施・鶴橋） ヨガ、ルーシーダットン、マッサージなら｜ＲＩＲＡ,
namikisho.jp,川口市立並木小学校,
bluemoonlights.jp,月と鉱物と水,
saku-konchuukan.jp,昆虫体験学習館～佐久市～,
chemotopia.jp,医薬品の個人輸入代行サイト比較ランキング8選,
red-blue.jp,無料エロ動画サイト/red,
gotox.jp,後藤繁榮のホームページ ダジャレな日々,
unagi-uoyu.jp,DEWA505: Daftar Judi Slot Gacor Deposit Pulsa Tanpa Potongan Terpercaya,
siit.jp,Web Server's Default Page,
organic-olive.jp,無効なURLです,
eibi-hair.jp,eibi-hair.jp&nbsp;-&nbsp;This website is for sale!&nbsp;-&nbsp;eibi hair Resources and Information.,
j-fta.jp,さらに深くプロ野球を求め行く,
ssgroup.jp,地元求人・製造・派遣・仕事探しならエス・エスグループ,
freestock.jp,FreeStock - フリスト | 無料で商用利用可能のAI画像素材/AI動画素材なら、『フリーストック』！,
smapp.jp,SMAPP - スマホの楽しい！を発信する情報サイト,
sennenaigis.jp,千年戦争アイギス攻略ブログ,
beescottonwrap.jp,,
creaist-mg.jp,株式会社アイエス・フィールド大阪,
hirayahokuou.jp,ひらほく,
creators-cris.jp,,
mirillis.jp,Mirillis &#8211; より軽く、より速く。もっと高画質動画を楽しもう。,
web-moushikomisys.jp,,
water-magazine.jp,サービス終了のお知らせ | ウォーターマガジン -WEB - 水にまつわる新鮮な情報はウォーターマガジンでチェック！,
shojihomu-portal.jp,A-History,
shugakko.jp,『身体測定の結果で性教育する学校』が読めるサイトはどこ？,
osff.jp,TAKA ENTERPRISE | I am a fool who can only copy the previous owner&#039;s site.,
imposters-tv.jp,インポスターブックス,
angeldays.jp,AngelDays,
shigaplaza4.jp,無効なURLです,
ruirui3.jp,,
dandans.jp,宅配クリーニングyou｜あなたの要望にピッタリ合った宅配クリーニングを比較して紹介します！,
densyoka.jp,densyoka.jp-iPhoneで読める電子書籍のようなウェブサイト本家 | 外出先のiPhoneからでも読める便利な電子書籍のような役に立てるウェブサイト,
grande-maison.jp,ラ・グランド・メゾン TOKYO 閉店のお知らせ,
audionankai-n.jp,audionankai-n.jp&nbsp;-&nbsp;Ce site web est ? vendre !&nbsp;-&nbsp;Ressources et information concernant audionankai n Resources and Information.,
alloeh.jp,alloeh（アロエ） | サプリメントEC,
kcsf-eco-ap.jp,OMOSHIRO漫画ファクトリー,
kanagawa-c.jp,日本産業カウンセラー協会の活動内容,
nagaokacity.jp,ソウブレイズARの最新相場価格と買取情報徹底解説,
hightension4k.jp,映画『ハイテンション4K』公式サイト,
power-generator.jp,中西金属工業-EPD室小型風力発電 業務用生ごみ処理機などの環境製品,
smartwedding.jp,引き出物や引き菓子、プチギフトを割引でワンランクアップ - スマートウェディング,
mamoria.jp,介護求人LABO -,
minnanohiroba.jp,みんなの広場,
hatsukaichinet.jp,みんなの掲示板,
food-stadium.jp,届くたび、うれしい日常食 | Everyday food that are a delight when they arrive,
barissimo.jp,バリッシモ barissimo,
hitoshigotokan.jp,ホームページ - Hitoshi Gotokan,
drivetogo.jp,エックスサーバー サーバー初期ページ,
yokosuka-yksk.jp,Yokosuka,
eneos-seika-2020.jp,,
spss-web.jp,アミューズメント向けプライズ | 株式会社エスピーエスエス,
mkt-liner.jp,長野へ旅しよう - Mkt-liner.jp,
yorii-yamatonosato.jp,寄居町日本の里,
svg-map.jp,サバゲーマップアプリ 公式サイト｜SVGMAP,
sanshinya.jp,三清屋 &#8211; 自然飼育の放牧 薩摩黒豚の三清屋,
molprof.jp,創薬分子プロファイリング研究センター トップページ,
gurlz.jp,GURLZ-TALK | 韓国ドラマ・映画・俳優さんの情報を提供します！,
chich.jp,ご案内,
gr-agri.jp,長崎あぐりの丘高原ホテル【公式】 - 広大な自然に囲まれたグリーンリゾートホテル,
se-naist.jp,ソフトウェア工学研究室 Software Engineering Laboratory at NAIST,
owcdigital.jp,High-Performance Workflow Solutions,
multi-protein.jp,マルチプロテイン multi protein,
repiew.jp,『ぽーかーふぇいす2』が無料で読める！エロ漫画を無料で読めるサイトを紹介！ | エロ漫画大好き,
baz-factory.jp,baz factory 海老名 バイク Kawasaki 神奈川 Bright,
yokohama-shokuiku.jp,食器の陶器にフォーカス,
mmedc.jp,外壁塗装 見積もりセンター,
hoopers.jp,いどばたかいぎ,
emmanuelsgift.jp,emmanuelsgift.jp&nbsp;-&nbsp;This website is for sale!&nbsp;-&nbsp;emmanuelsgift Resources and Information.,
pichi-shiroishi.jp,TAMAGO DIARY - 最新の旬な情報をお届けします♪,
jocoi.jp,ファクタリング 即曰入金お歓め,
tsudumiya.jp,舌つづみ屋 | お取り寄せ通販商品の口コミレビューブログ,
clamp-kyotocity.jp,CLAMPics | あなたの気になる情報を深堀して紹介しています,
matsudamanabu.jp,Slot 66Mega Slot Online Slot88 Slot 66 gacor terbaik,
premin.jp,BioBoost,
kinunup.jp,金運アップの学校,
hiraizuminews.jp,平泉・奥州の観光のことなら「奥州平泉観光新聞」観光・グルメ・宿泊・土産総合サイト &#8211; 奥州平泉観光新聞では世界遺産登録を果たした平泉の情報を発信,
huion.jp,Index of /,
englishresearch.jp,,
startingover.jp,"One moment, please...",
davenue.jp,DigitalAvenue,
goldenhawks.jp,LifeSure - Life Insurance Website Template,
momenthouse.jp,Moment House,
nerimakko.jp,"One moment, please...",
imgc2015.jp,My Blog &#8211; My WordPress Blog,
nhktv.jp,NHKをぶっ壊すTV - NHK受信料の契約・支払い義務のないチューナーレステレビ- 割増金制度対策 - 株式会社立花孝志,
bulkad.jp,"One moment, please...",
smashhits.jp,Karaoke Stage Bar - World's Largest English Karaoke Tokyo,
classicvintage.jp,クラシックヴィンテージ,
alpen-pb.jp,403 Forbidden,
joe-nimble.jp,HOME - Joe Nimble(ジョーニンブル) Japan,
cohjapan.jp,ちしきのもり | 日常でためになる情報を提供していきます,
reactio.jp,reactio.jp&nbsp;-&nbsp;This website is for sale!&nbsp;-&nbsp;reactio Resources and Information.,
akiyamaryoko.jp,アキヤマリョーcomic,
shimane-premium2015.jp,"漫画raw Plus &#8211; MissAV,Hitomiみたいな無料フルエロ",
lemonangel.jp,ドクターケシミーは美白効果なし？口コミをシミで悩む37歳女が暴露,
czkey.jp,キャッシング 最短入ロ,
under-the-veil.jp,UNDER THE VEIL 芸能人になりたい貴方のための情報発信サイト,
casino-club.jp,カジノCLUB - オンラインカジノ検索サイト,
akikosaito.jp,,
rizzla.jp,,
neoinc.jp,ちえカフェ &#8211; 美容や健康など暮らしの知恵をお届け！,
ultra-marathon.jp,Home - Ultra-marathon.jp,
uja.jp,ゲームアプリ正直レビューラボ,
nagasaki-peacemarathon.jp,長崎平和マラソン【公式】 -,
cutcut-diet.jp,,
astaria.jp,生活ライフ 健康ガイド &#8211; 美容系を中心に生活を豊かにする情報を紹介,
bbsc.jp,bbsc.jp,
cyberclone.jp,サイバークローン,
chiba-shukuhaku.jp,"One moment, please...",
zoundindustries.jp,Zound Industries Japan,
fx・自動売買.jp,FX自動売買ソフトの赤裸々な履歴 | FX自動売買ソフトを実際に運用し、その結果どうなったか？という結果を残しているサイトです。記載の情報は当時の物であり、現在も同じ結果になるか？は保証しません。,
mongen-ikb.jp,,
e-kansetsu.jp,ヒアルロン酸と関節痛の情報サイト｜e-kansetsu.jp,
femaleathletes.jp,お金を借りる方法を伝授！女性も男性も関係なくお伝えするサイト,
chosakuken.jp,5分で出来る著作権教育,
interproto.jp,Inter Proto Series &#8211; ドライビングを際立たせるMade in JAPANの純レーシングカー&quot;インタープロトシリーズ（以下IPS）に使用される『kuruma』は、IPS専用に一から設計を行った国産レーシングカーです&quot;車両開発のコンセプトは、やみくもに車両自体の性能を追求するのではなく、レーシングカーの基本性能としてのドライバビリティを確保しつつ、ドライバー自身のドライビングを際立たせることを目的としています。,
blanchoney.jp,【公式】BLANC HONEY（ブランハニー）｜ふきとり美容で肌磨き,
bitty.jp,,
c-sep.jp,"One moment, please...",
sekaiisan-nikko.jp,エックスサーバー サーバー初期ページ,
aoshima-bc.jp,BLUE BEACH JOURNAL,
ichikawa-miori.jp,イチカワcomic,
gozain.jp,www.gozain.jp ? このドメインはお名前.comで取得されています。,
webhack.jp,webhack - webhackは利用者にとって有意義なWebサービス、ITガジェット、プログラミングなどの情報を配信していくメディアサイトです。,
miwabunka.jp,,
livetart.jp,home - 盛恋コレ,
a-s-o.jp,アートスクール表参道,
hobiliate.jp,,
westpoint.jp,スポーツ配信site,
vions.jp,,
healthylife-mall.jp,,
nanairo-gumi.jp,エックスサーバー サーバー初期ページ,
wakuwaku-town.jp,東北さがそう！！,
emplus.jp,今すぐ8万円借りたい！会社に内緒でバレずにキャッシングするにはっ！？,
simply-coltd.jp,simply,
wagamachigenki.jp,わがまち元気,
fuji-ie.jp,,
shinmama.jp,シンママStyle[シンママスタイル]｜シングルマザーの情報サイト,
onneyu-hotel.jp,,
hitomite.jp,アートマネジメント動画ブログ ヒトミテ,
a1-shop.jp,a1-shop | アーティスト、アスリート、アイドル、アナザーのイチオシ商品を集めたショップです！,
hiwatashishachu.jp,Hi-watashi,
padou.jp,padou.jp ? このドメインはお名前.comで取得されています。,
holiday-park.jp,ホリデーブックス,
oladance.jp,Oladance（オーラダンス）日本公式サイト - ずっと、もっと、音を自由に - Oladance Japan（オーラダンスジャパン）,
k-ookoku.jp,,
car-subscription.jp,車のサブスク比較42選！2023年9月中古車サブスクおすすめは高い？安い？【車のサブスクリプション学校】,
t-iezukuri.jp,ホームページ閉鎖のお知らせ,
machiyado-matsumura.jp,miyu&#039;s room | 気になる話題にプラスの情報をまとめてお届け！,
kumamoto-noshoko.jp,Trends Fairy,
結婚したい.jp,結婚し隊,
we-dok.jp,ウィドック,
izumo-umaimono-ichiba.jp,,
teien40th.jp,,
cjd.jp,,
stepcamp.jp,stepcamp.jp&nbsp;-&nbsp;Informationen zum Thema stepcamp.,
kibounippon.jp,努力前進,
manpuu.jp,パチンコ裏技調査,
funrumor-story.jp,恋愛と占いブログ｜My WordPress Blog,
andjo1.jp,アンドブックス,
tvman.jp,テレビ局の就活と転職の攻略ガイド,
greenpower.jp,Greenpower.jp - 日本各地で採用されている再生可能なエネルギー,
campingcar-festa.jp,チャットレディ求人で高収入を得よう | チャットレディ求人で未経験から高収入を得るコツ,
hanakobo.jp,"One moment, please...",
mayur.jp,,
insight-puzzle.jp,Insight Puzzle（インサイトパズル）｜ハマる！店舗のデジタルマーケ,
siblings.jp,welcome,
genie-oita.jp,ファクタリング 即曰入金お歓め,
umezakitei.jp,umezakitei,
senjoen.jp,クラフトビールなら定期便がおすすめ！ - 世界約1900種のなかから隔週でプロ厳選の旬のクラフトビールが届く！自宅の食卓で世界ビール4ツアーを！,
zasshi-journalismsyo.jp,ゆるっととーく | 芸能トレンドをゆるっと配信！,
ouurstudio.jp,ホーム - Ouur Studio,
natumi.jp,Natumi.,
animatorweb.jp,アニメーターブックス,
otokul.jp,熱血！副業部｜おすすめの副業を人気や職業別にランキング化 ！安心安全に簡単無料で副収入を稼ぐ為の定番手法やテクニック｜,
hibikoji.jp,ヴィアージュナイトブラの口コミは本当に悪いのか？実際の効果を徹底検証,
hitotsumugi.jp,hitotsumugi.jp&nbsp;-&nbsp;hitotsumugi Resources and Information.,
la-makeup.jp,はんなりノート,
g-ep.jp,Get up early | 最新情報を最速でキャッチ,
qlete.jp,qlete.jp このドメインはオークション中です。,
padipire.jp,ホームページ - Padipire,
titleinc.jp,タイトル株式会社,
yurucamp-c-nexco.jp,yurucamp,
la-cachette.jp,la-cachette.jp ? このドメインはお名前.comで取得されています。,
grooming.jp,Future home of grooming.jp,
parof.jp,ホームページ - Parof,
gradie.jp,,
websuku.jp,売り出し中のドメイン名です,
hydraworld.jp,hydraworld.jp このドメインはオークション中です。,
kanikousen.jp,株式会社 ASU,
ta-maru.jp,たまる家計簿 家計簿日誌,
hotel-rainbow.jp,ホテルでマッサージを受けれるのは、本当ですか。と言う問いにお答えします,
nonhoitown.jp,のんほいタウン | 新城・奥三河で、毎日を楽しく暮らす仕事と遊びのブログ。,
worldrhythmdance.jp,モデルのための美とキャリアを高める！ビューティ＆スキルアップ情報局,
ybn.jp,無効なURLです,
chatondemieux.jp,chatondemieux.jp,
tinytiny.jp,,
milli-coltd.jp,"One moment, please...",
ooyaman.jp,売り出し中のドメイン名です,
universalcentury.jp,universalcentury.jp,
cafemedewo.jp,トップ - Cafe Medewo,
e-ren.jp,HTTP Server Test Page powered by CentOS-WebPanel.com,
jemilefran.jp,美容番長 | 美容好きな主婦が人気コスメや話題のメイクの情報をお届け！,
ashiken-p.jp,無効なURLです,
jcdm.jp,応援！消費者金融でお金を借りるためのドリル,
4apws-kumamoto2022.jp,暮らしのコンパス | 生活に役立つサービスや商品を比較・検証するWEBメディア,
web-asao.jp,,
egypt-ten2021.jp,にしもんブログ | 日々の出来事を面白く！,
npo-jks.jp,韓ドラマニア | 韓ドラ大好き主婦がおすすめ韓国ドラマを紹介していきます,
monk-tv.jp,漫画「新刊が×××なのは売り子のせいです」は無料で読める？配信サイト・アプリを調査【むら茶木】,
sunyell-sagamihara.jp,"One moment, please...",
j-water.jp,健康のための正しい水の選び方【安全な水を求めて】,
earthfinder.jp,前川さんちの何でもギャラリー,
kanazawa-shoko.jp,カナショコミック,
studylounge.jp,スタディラウンジ &#8211; 東京、渋谷の有料自習室 &#8211; 勉強が楽しくなる場所,
osaka-brand.jp,大阪ブランド情報局 | Osaka Brand Center,
scanteak.jp,チーク 家具販売 SCANTEAK(スキャンティーク) &#8211; チーク 家具販売専門店スキャンティーク,
tokyocraftmap.jp,東京クラフト速報,
haunted-movie.jp,バラエティ動画ネット【見逃し無料フル視聴】,
spoonbread.jp,,
fly-n-fit.jp,Fly'n Fit trapeze studio| 屋内空中ブランコ・エアリアル複合施設,
nigeriaembassy.jp,,
kireinotane.jp,きれいのたねブログ（たねログ） | 世間のトレンドや旬な話題を根掘り葉掘り独自の視点で解説します！,
kcat.jp,韓国エンタメ | Just another WordPress site,
maebashi-cs.jp,芸能アイドルファンマニア,
tonoel.jp,KIRYU SHOTA OFFICIAL SITE | ブログ収益化の専門家 桐生奨太のオフィシャルサイト,
fssweb.jp,【フリースタジオ】平塚の音楽スタジオ・カフェバー フリスタ,
spiderworks.jp,www.spiderworks.jp ? このドメインはお名前.comで取得されています。,
ama-kan.jp,ama-kan.jp&nbsp;-&nbsp;This website is for sale!&nbsp;-&nbsp;ama kan Resources and Information.,
ttre.jp,しりたーーい！ | 知りたいことを解決します！,
janeeyre.jp,musical days,
orangeterra.jp,お家でお得にお気軽に - じっぷっぷのVOD生活,
maradona-movie.jp,最新バラエティ動画【見逃し無料フル視聴】,
soccer-kentei.jp,ブックメーカーおすすめランキングサイト | スポーツベットサッカー予想部屋,
wisecart.jp,らららブログ,
yokatomo.jp,,
enercon.jp,enercon.jp このドメインはオークション中です。,
hytown.jp,HOME - ヘイタウン,
norwayseafood-campaign.jp,寒さは、旨さだ。ノルウェー産シーフードNo.1,
ov-k.jp,【業界最安値】日本全国対応の抗菌・抗ウイルス光触媒コーティング施工で接触感染対策。新型コロナウイルスエビデンス取得済み。,
hoshimachi.jp,星めぐりの町,
mauer.jp,HTTP Server Test Page powered by CentOS-WebPanel.com,
balloon-movie.jp,バルーンコミック,
altamura.jp,bread diary | パンが好き！,
aja-bar.jp,Live Bar Aja エイジャ (彩),
boysnavi.jp,ボーイズナビ,
vaikuntha.jp,ヴァイクンタコミック |,
power-spots.jp,日本のパワースポット | 八雲ふじた,
studionicholson.jp,スタニココミック,
nabio.jp,エックスサーバー サーバー初期ページ,
hotel-twoway.jp,403 Forbidden,
toyotahome-nagoya.jp,無効なURLです,
shirotsumezakka.jp,運気アップの神社ガイド｜金運・恋愛運・仕事運など世界の占いに関する情報を徹底お届け！！,
sompocare-next.jp,口コミで選ぶ全国ネットカフェランキング,
311hoshizora.jp,路地裏ニュース | あなたの好奇心を刺激します,
daisuke1112.jp,トップ - Daisuke 1112,
kawane-onsen-hotel.jp,時之栖 川根温泉ホテル,
jedo.jp,JEDO 医歯薬英語辞書,
eminipan.jp,AI-media,
kys-cycle.jp,"One moment, please...",
forum4.jp,フォーラム４,
ismy.jp,エンタメ情報局 | My WordPress Blog,
fukushima-museum.jp,理解すればするほど池袋の派遣型の難易度をしりマッサージやエステに伝える,
orette.jp,orette.jp,
minna-suitouto.jp,ぽちブロ | ぽちっとブログ的に気になる毎日のできごと,
narumi-takiguchi.jp,最も重要な事は、浅草に於ける派遣型のマッサージとエステの逆転現象です,
soundhall-ac.jp,"無料フル同人 | MissAV,Hitomiみたいな無料フルエロ",
data-bluesky.jp,カテゴリを追加の動画リスト | 巨乳・爆乳動画ブルースカイムービー,
bunkai.jp,bunkai.jp | おもしろアプリを分解！,
tank-swat.jp,タンクコミック,
mindreading.jp,マインドリーディング-マーケターのための本格応用心理学-,
pp-tv.jp,,
g-sg.jp,"One moment, please...",
map6.jp,ホーム - Map 6,
datacook.jp,AFSLOT ? Situs Judi Slot Shopeepay - Slot Deposit QRIS 10K Gacor,
tobi.jp,鳶TOBIカセヤマ,
hotarunohaka.jp,太平洋戦争の終焉と『火垂るの墓』,
theblackswan.jp,VOD王国,
dogman-movie.jp,漫画『放課後化学クラブ』が読めるサイト・アプリ,
uogashi.jp,uogashi.jp&nbsp;-&nbsp;uogashi Resources and Information.,
newkoyo.jp,ホームページ - Newkoyo,
pirokalpin.jp,ハーレー リテラシー,
kalafina10th-film.jp,kalafina10th-film.jp&nbsp;-&nbsp;Ressources et information concernant 梶浦由記 スペクラ カラフィナ ワカナ ケイコ ハーモニー 輝き デビュー Resources and Information.,
dietrecipe.jp,dietrecipe -,
kochikame-stage.jp,コチカメブックス,
pie2006.jp,Account Suspended,
nobusaga.jp,? このドメインはお名前.comで取得されています。,
route-irish.jp,ルートコミック,
osakacycle.jp,ディスコdiscoサプリ口コミと効果は嘘？購入前に気になる情報まとめ,
gomenne.jp,ねたれぽ &#8211; 美容、健康関連を中心にお届けします,
animalsquare.jp,エックスサーバー サーバー初期ページ,
bluelady.jp,ブルーレディ | 平井和正、デヴィッド・ボウイ、アイルトン・セナは僕たちのヒーローだ！,
man-sun.jp,Domain Unavailable!,
onegames.jp,"One moment, please...",
canalize.jp,らいらいブログ - ゲームオタクのらいらいブログ,
krock.jp,ボディセンスを半額で買う方法【2023年最新】 | ボディセンスを半額で買う方法は？2023年最新情報を紹介します。また、公式は本当に安いのか？楽天やAmazonはもちろん、ドンキやロフト、東急ハンズ、薬局やドラッグストアなど店舗も調べてみました。悪い口コミは？デメリットなどもリサーチしています。,
grram.jp,ぐらむコミック | TL/BL漫画情報を発信するサイトです。,
anfolle.jp,"One moment, please...",
baby-name.jp,www.baby-name.jp ? このドメインはお名前.comで取得されています。,
measure-of-man.jp,【2025年最新】フィットネスジムおすすめ10選を人気のジム20ヶ所から比較！,
mozart-kujira.jp,モーツァルトとクジラ | モーツァルトとクジラのファンサイトです。,
frickart.jp,frickart stick shop &#8211; 杖のことなら当店におまかせを,
pocketmuhi-cpn.jp,ピンクパネル｜２次元エロ情報紹介,
finderz.jp,"One moment, please...",
i-love-dior.jp,ディオール化粧品公式サイト リニューアルのご案内,
tsukuriya.jp,403 Error - Forbidden,
papa-super.jp,,
innocentbane.jp,韓ドラ・インベスター | 「ただいま」から始まる、2人だけの映画時間。 今夜観るべき、濃密なサスペンス＆ヒューマンドラマを厳選,
tenkahyakken-zan.jp,アニコミ天華 | 電子書籍とアニメと時々アプリの情報サイト,
indec.jp,INDEC TOEIC・TOEFL・GMAT・GRE対策英語塾,
wakaru-fx.jp,www.wakaru-fx.jp ? このドメインはお名前.comで取得されています。,
manyou-kumamoto.jp,借金持ちの金融放浪記,
mf1.jp,,
thaiconsulate.jp,タイ王国大阪総領事館,
nantokashinakya.jp,お金力・仕事力アップ！なんとかしなきゃPROJECT,
city-hida.jp,ＰＲサイト,
fimewc.jp,Home - FIM EWC,
ogurayui.jp,シンレンタルサーバー サーバー初期ページ,
aed-project.jp,減らせ突然死 AED プロジェクト,
wadamakototen.jp,WADATOPIC |,
baitme.jp,,
athleteyell.jp,athleteyell,
teruhiroyanagihara.jp,Teruhiro Yanagihara /,
sports-hiroshima.jp,無効なURLです,
ikespo.jp,漫画『放蕩貴族は元王太子妃との孕ませ婚で忙しい』が結末まで無料で読めるサイト・アプリ,
lotte-fits.jp,fits | 日本最大級のパーソナルジム比較・ポータルサイト,
rocketman.jp,ロケなび | ドラマ・映画・ライブの公式フル動画・ライブ＆見逃し配信を無料で＆かしこくオトクに,
lfn.jp,解約レンジャー |,
iwaki-otentosun.jp,フードラボ,
zhiyun-tech.jp,派遣型でマッサージやエステを選択する新宿の出張派は、かなりの数値,
hgpshinjuku.jp,シンジュの輝き,
tamioboy-kuruwasegirl.jp,"One moment, please...",
tokyo-strawberry-park.jp,HOME | TOKYO STRAWBERRY PARK,
joyonews.jp,プロが教える法人カード比較のポイント！ | 法人カード比較プロ,
radiokaikan.jp,radio塊感 | 日々の疑問をここで。,
miraikan.jp,新大久保での占い鑑定・占い情報紹介 - 新大久保 占い処 未来館,
mobbyride.jp,モビトレンド｜電動キックボード＆モビリティライドシェアのニュースメディア,
novelax.jp,威風堂々,
shijinsou.jp,漫画のシジン | 全巻無料で漫画が読める電子書籍サイトを徹底比較,
aiuta-movie.jp,漫画『京也は夢で私を○す』が結末まで無料で読めるサイト・アプリ,
gantzo.jp,ミルッピ,
vi-vo.jp,声優養成所・スクール総合メディアVIVO(ビーボ),
fabelmans-film.jp,フェイブロ,
yamagata-yukifes.jp,まんぷくおもろーちゃんねる,
gse.jp,芸能証券 - インターネット上のクチコミトレンドランキング,芸能 / トレンド / ランキング
64-movie.jp,Dalam Bahasa Jepang | Ini adalah website yang dijalankan oleh orang Jepang yang sedang belajar bahasa Indonesia.,
aya-neo.jp,NEO X1│次世代の体験が、まもなく始まる,
yaesu-project-2022.jp,お金を借りる、借金が減らない、そんなとき。,
lohasbeanscoffee.jp,漫画「子煩悩で優しい夫、絶倫雄々野獣形態に戻る」は何で読める？無料で試し読みできるサイト一覧,
mylets.jp,,
uaz.jp,? このドメインはお名前.comで取得されています。,
listenwith.jp,Listen with,
utapasslive.jp,uta |,
catchbon.jp,catchbon.jp:80 このドメインはオークション中です。,
mushishi-movie.jp,ムシシブックス,
tuyu-official.jp,漫画『【睡眠開発】幼馴染で憧れの彼は執着ストーカーでした。』が結末まで無料で読めるサイト・アプリ,
lumix-ginza.jp,元貧乏女子が教える倹約生活でお金を使わないための7つの習慣！? - 浪費ときどき倹約,
ojosan.jp,ojosan.jp ? このドメインはお名前.comで取得されています。,
j-bike.jp,お金を借りるとお金を稼ぐ | お金が大好きな30代が借りたり稼いだり貯金したりをする毎日のブログです。,
hugo-movie.jp,私を生きる日々～削らず、優しく、心地よく～ | 数値じゃなく、心地よさで選ぶ私のかたち,
phantomthread.jp,映画『ファントム・スレッド』オフィシャルサイト,
mercosur.jp,Mercosur.jp,
bed-spa.jp,,
rsproject.jp,RSコミック,
min-ketsu.jp,,
keiritsushin.jp,退職代行の名人,
seikofes.jp,Comic☆せいこう | TL/BL漫画情報を発信するサイトです。,
nanapho.jp,サプリ館へジャンプ,
handmc.jp,PositiveTalk &#8211; 明日へ上向きに前向きに進むためのサイトです,
corntec.jp,コーンテック,
burgerlove.jp,大阪の占い館-クラブハウス-公式HP | 大阪で当たると評判の占い館-クラブハウス-公式HPです。,
homeless-movie.jp,必勝ギャンブルガイド,
iiiro.jp,iiiro-イイイロ- | 脱毛に関する悩み・脱毛方法などを紹介するサイト,
mens-modern.jp,ファッション・美容・趣味・恋愛の情報メディア | 大人男子のライフマガジンMensModern[メンズモダン],
narutoshi-bunkakaikan.jp,ETM news | 今話題のエンタメニュースをわかりやすくお届けします。,
sanadajuyushi.jp,,
shortterm12.jp,"One moment, please...",
aniculbu.jp,? このドメインはお名前.comで取得されています。,
minilove.jp,miniloveの自転車お出かけレビュー,
diet-de-yasetai.jp,ダイエットde痩せ隊！は食事や運動、部分痩せなどのダイエット方法やサプリやエステの使い方を紹介し、ダイエットのお悩み解決を手助けします。 - 成功する方法を｜ダイエットde痩せ隊！,
snailgames.jp,BIBIBLO | ニュースやエンタメ情報を中心に発信しています。,
digitalyouth.jp,youthful days | 話題の情報を分かりやすく発信中,
megamac.jp,エックスサーバー サーバー初期ページ,
yano39.jp,健康情報をお届け,
michioakita.jp,あきみちの雑記ブログ,
anitomo-movie.jp,anitomo-movie.jp ? このドメインはお名前.comで取得されています。,
prisoners.jp,漫画「幼なじみのツムグ君は。」を無料で読む方法を調査！【ふじみなねこ】,
tokyo-park.jp,エロ動画紹介,
onlyoneofofficial.jp,K-poP SummarY,
sandaifestival.jp,劇場情報｜「世界三大映画祭週間」公式サイト - 三大映画祭週間2014,
oncethemovie.jp,ワンスブックス,
2manji.jp,"One moment, please...",
taas.jp,www.taas.jp ? このドメインはお名前.comで取得されています。,
hokutonoken-online.jp,ホクコミ,
fujyoshi.jp,fujyoshi.jp&nbsp;-&nbsp;腐女子 ボーイズラブ やおい 攻め 受け レポート 朗読 ニコニコ Resources and Information.,
clearworld.jp,Clearworld News | SNSやトレンドやニュースなど、今話題の旬なニュースを発信します,
epod.jp,EPOD デバイス破棄・情報漏洩対策,
sengk.jp,EA副業で働かずに稼げるようになった元ガテン系の物語,
pita.jp,pita.jp:80 このドメインはオークション中です。,
tv-live.jp,スポーツ配信site,
club24yokohama.jp,"One moment, please...",
kokuhaku-shosetsu.jp,Index of /,
label-online.jp,label-online.jp このドメインはオークション中です。,
jra-umadonna.jp,競馬はオッズの高いブックメーカーで勝負,
tncafe.jp,なんでもカフェ | Just another WordPress site,
setokai.jp,お金を借りるなら即日！専門家が今すぐ借りれるカードローンおすすめを紹介！,
coachingdojo.jp,コーチング道場(COACHING DOJO) - コーチングを知るなら！COACHING DOJO - ビジネスコーチング・パーソナルコーチングに特化したメディア「コーチング道場」(COACHING DOJO)は、認定持ちプロコーチが執筆・監修の元最新のコーチング情報を発信しています。 プロコーチを目指されている方、コーチングを受けたい方・コーチングマネジメントを勉強したい方におすすめです！,
shunyanshi.jp,何事も躊躇せず渋谷の事を考えて出張と派遣型のマッサージやエステを同等に,
campaign-coop.jp,宅食キャンペーン,
kamen-movie.jp,Trippa,
wareragasomukishimono-movie.jp,無効なURLです,
lacoda.jp,愛知県内海海岸ラ・コーダ ドッグカフェ＆サロン,
furiko.jp,"One moment, please...",
cell-movie.jp,,
lovelylovely.jp,Dentist健康な歯を保つために &#8211; 美と健康などを考えた生活向上のためのサイトです,
kakakuh.jp,,
osaka-asoblog.jp,エアークローゼットの口コミ｜借り放題の感想と私のインスタ,
ryujis.jp,グッドライフ,
hachultra.jp,"One moment, please...",
appeti.jp,みんなの口コミで選ぶ！全国ケーキ店ランキング＆レビュー | 甘党必見！口コミで選ばれた全国の人気ケーキ店を徹底紹介,
paradise3.jp,UPWARD-NOTE &#8211; 前向きになれそうな情報をお届け！,
gdash.jp,チャットレディ求人は顔出しなしでも高収入 | チャットレディ求人は顔出しなしでも稼げる,
