title,content,status,category,tags,slug
ReluxのアフィリエイトはどこのASP？,"Reluxは<span class=""st-mymarker-s"">バリューコマース</span>でアフィリエイトできます。
<table style=""border-collapse: collapse; width: 100%;"">
<tbody>
<tr>
<th style=""width: 50%; background-color: #301ef7;""></th>
<th style=""width: 50%; background-color: #301ef7;""><strong><span style=""color: #ffffff;"">広告掲載状況</span></strong></th>
</tr>
<tr>
<td style=""width: 50%; text-align: center; vertical-align: middle;""><a href=""https://px.a8.net/svt/ejp?a8mat=3BG026+FXXVXU+0K+10A5LT"" rel=""nofollow noopener""><img class=""alignnone size-full"" src=""https://www.civichat.jp/wp-content/uploads/2026/03/a8.png"" alt=""A8net"" width=""500"" height=""200"" /></a>
<a href=""https://px.a8.net/svt/ejp?a8mat=3BG026+FXXVXU+0K+10A5LT"" rel=""nofollow"">https://www.a8.net/</a></td>
<td style=""width: 50%; text-align: center; vertical-align: middle;""><span style=""font-size: 7em;"">✕</span></td>
</tr>
<tr>
<td style=""width: 50%; text-align: center; vertical-align: middle;""><a href=""//ck.jp.ap.valuecommerce.com/servlet/referral?sid=3548721&amp;amp;pid=892566121"" rel=""nofollow""><img class=""alignnone size-full"" src=""https://www.civichat.jp/wp-content/uploads/2026/03/vc.png"" alt=""バリューコマース"" width=""500"" height=""200"" /></a>
<a href=""//ck.jp.ap.valuecommerce.com/servlet/referral?sid=3548721&amp;pid=892566121"" rel=""nofollow""><img src=""//ad.jp.ap.valuecommerce.com/servlet/gifbanner?sid=3548721&amp;pid=892566121"" width=""1"" height=""1"" border=""0"" />https://www.valuecommerce.ne.jp/</a></td>
<td style=""width: 50%; text-align: center; vertical-align: middle;""><span class=""hutoaka""><span style=""font-size: 7em;"">◯</span></span></td>
</tr>
<tr>
<td style=""width: 50%; text-align: center; vertical-align: middle;""><a href=""https://h.accesstrade.net/sp/cc?rk=0100nldw00kolw"" rel=""nofollow""><img class=""alignnone size-full"" src=""https://www.civichat.jp/wp-content/uploads/2026/03/acces.png"" alt=""アクセストレード"" width=""500"" height=""200"" /></a>
<a href=""https://h.accesstrade.net/sp/cc?rk=0100nldw00kolw"" rel=""nofollow"">https://www.accesstrade.ne.jp/</a></td>
<td style=""width: 50%; text-align: center; vertical-align: middle;""><span style=""font-size: 7em;"">✕</span></td>
</tr>
<tr>
<td style=""width: 50%; text-align: center; vertical-align: middle;""><a href=""https://www.afi-b.com/"" rel=""nofollow""><img class=""alignnone size-full"" src=""https://www.civichat.jp/wp-content/uploads/2026/03/afb.png"" alt=""afb"" width=""500"" height=""200"" /></a>
<a href=""https://www.afi-b.com/"" rel=""nofollow"">https://www.afi-b.com/</a></td>
<td style=""width: 50%; text-align: center; vertical-align: middle;""><span style=""font-size: 7em;"">✕</span></td>
</tr>
<tr>
<td style=""width: 50%; text-align: center; vertical-align: middle;""><a href=""//af.moshimo.com/af/c/click?a_id=4207547&amp;p_id=1&amp;pc_id=1&amp;pl_id=82635"" rel=""nofollow""><img class=""alignnone size-full"" src=""https://www.civichat.jp/wp-content/uploads/2026/03/moshimo.png"" alt=""もしもアフィリエイト"" width=""500"" height=""200"" /></a>
<a href=""//af.moshimo.com/af/c/click?a_id=4207547&amp;p_id=1&amp;pc_id=1&amp;pl_id=82635"" rel=""nofollow"">https://af.moshimo.com/</a></td>
<td style=""width: 50%; text-align: center; vertical-align: middle;""><span style=""font-size: 7em;"">✕</span></td>
</tr>
</tbody>
</table>

<h2>ReluxをアフィリエイトできるASP</h2>
<h3>バリューコマース</h3>
<img class=""alignnone size-full"" src=""https://www.civichat.jp/wp-content/uploads/2026/03/スクリーンショット-2026-03-15-182118.png"" alt=""バリューコマース"" width=""951"" height=""535"" />
<table style=""border-collapse: collapse; width: 100%;"">
<tbody>
<tr>
<th style=""width: 50%; text-align: center; vertical-align: middle; background-color: #4a4a4a;""><span style=""color: #ffffff;"">サービス開始年</span></th>
<td style=""width: 50%; text-align: center; vertical-align: middle;"">1999年（日本初のASP）</td>
</tr>
<tr>
<th style=""width: 50%; text-align: center; vertical-align: middle; background-color: #4a4a4a;""><span style=""color: #ffffff;"">運営会社</span></th>
<td style=""width: 50%; text-align: center; vertical-align: middle;"">バリューコマース株式会社（LINEヤフーグループ）</td>
</tr>
<tr>
<th style=""width: 50%; text-align: center; vertical-align: middle; background-color: #4a4a4a;""><span style=""color: #ffffff;"">サイト審査</span></th>
<td style=""width: 50%; text-align: center; vertical-align: middle;"">あり（記事数目安：7〜10記事程度）</td>
</tr>
<tr>
<th style=""width: 50%; text-align: center; vertical-align: middle; background-color: #4a4a4a;""><span style=""color: #ffffff;"">SNS・サイトなしで登録</span></th>
<td style=""width: 50%; text-align: center; vertical-align: middle;"">✕（サイト必要）</td>
</tr>
<tr>
<th style=""width: 50%; text-align: center; vertical-align: middle; background-color: #4a4a4a;""><span style=""color: #ffffff;"">初心者向けサポート</span></th>
<td style=""width: 50%; text-align: center; vertical-align: middle;"">◯</td>
</tr>
<tr>
<th style=""width: 50%; text-align: center; vertical-align: middle; background-color: #4a4a4a;""><span style=""color: #ffffff;"">案件総数</span></th>
<td style=""width: 50%; text-align: center; vertical-align: middle;"">大規模（累計広告主6,500社以上）</td>
</tr>
<tr>
<th style=""width: 50%; text-align: center; vertical-align: middle; background-color: #4a4a4a;""><span style=""color: #ffffff;"">得意ジャンル</span></th>
<td style=""width: 50%; text-align: center; vertical-align: middle;"">Yahoo!ショッピング・大手EC・金融・旅行</td>
</tr>
<tr>
<th style=""width: 50%; text-align: center; vertical-align: middle; background-color: #4a4a4a;""><span style=""color: #ffffff;"">Amazon・楽天案件</span></th>
<td style=""width: 50%; text-align: center; vertical-align: middle;"">〇</td>
</tr>
<tr>
<th style=""width: 50%; text-align: center; vertical-align: middle; background-color: #4a4a4a;""><span style=""color: #ffffff;"">独自案件の豊富さ</span></th>
<td style=""width: 50%; text-align: center; vertical-align: middle;"">◎（大手企業の独占案件多数）</td>
</tr>
<tr>
<th style=""width: 50%; text-align: center; vertical-align: middle; background-color: #4a4a4a;""><span style=""color: #ffffff;"">最低支払額</span></th>
<td style=""width: 50%; text-align: center; vertical-align: middle;"">500円</td>
</tr>
<tr>
<th style=""width: 50%; text-align: center; vertical-align: middle; background-color: #4a4a4a;""><span style=""color: #ffffff;"">振込手数料</span></th>
<td style=""width: 50%; text-align: center; vertical-align: middle;"">無料</td>
</tr>
<tr>
<th style=""width: 50%; text-align: center; vertical-align: middle; background-color: #4a4a4a;""><span style=""color: #ffffff;"">特別報酬制度</span></th>
<td style=""width: 50%; text-align: center; vertical-align: middle;"">会員ランク制度（ゴールド・シルバー・ブロンズ・一般）</td>
</tr>
<tr>
<th style=""width: 50%; text-align: center; vertical-align: middle; background-color: #4a4a4a;""><span style=""color: #ffffff;"">高単価案件</span></th>
<td style=""width: 50%; text-align: center; vertical-align: middle;"">〇</td>
</tr>
<tr>
<th style=""width: 50%; text-align: center; vertical-align: middle; background-color: #4a4a4a;""><span style=""color: #ffffff;"">管理画面の使いやすさ</span></th>
<td style=""width: 50%; text-align: center; vertical-align: middle;"">◎</td>
</tr>
<tr>
<th style=""width: 50%; text-align: center; vertical-align: middle; background-color: #4a4a4a;""><span style=""color: #ffffff;"">専任担当者</span></th>
<td style=""width: 50%; text-align: center; vertical-align: middle;"">〇</td>
</tr>
<tr>
<th style=""width: 50%; text-align: center; vertical-align: middle; background-color: #4a4a4a;""><span style=""color: #ffffff;"">薬機法チェック機能</span></th>
<td style=""width: 50%; text-align: center; vertical-align: middle;"">×</td>
</tr>
<tr>
<th style=""width: 50%; text-align: center; vertical-align: middle; background-color: #4a4a4a;""><span style=""color: #ffffff;"">おまかせ広告機能</span></th>
<td style=""width: 50%; text-align: center; vertical-align: middle;"">◎（コンテンツに合わせ自動で最適広告を配信）</td>
</tr>
<tr>
<th style=""width: 50%; text-align: center; vertical-align: middle; background-color: #4a4a4a;""><span style=""color: #ffffff;"">会員数</span></th>
<td style=""width: 50%; text-align: center; vertical-align: middle;"">85万サイト以上登録</td>
</tr>
<tr>
<th style=""width: 50%; text-align: center; vertical-align: middle; background-color: #4a4a4a;""><span style=""color: #ffffff;"">満足度実績</span></th>
<td style=""width: 50%; text-align: center; vertical-align: middle;"">日本最古のASPとしての老舗ブランド力</td>
</tr>
</tbody>
</table>
[st-minihukidashi webicon="""" fontsize="""" fontweight="""" bgcolor=""#FFB74D"" color=""#fff"" margin=""0 0 20px 0"" radius="""" position="""" myclass="""" add_boxstyle=""""]おすすめな人
<div class=""st-square-checkbox st-square-checkbox-nobox"">
<ul>
 	<li>Yahoo!ショッピングのアフィリエイトを扱いたい人</li>
 	<li>大手企業・有名ブランドの信頼性の高い案件を紹介したい人</li>
 	<li>広告の貼り替えの手間を省いて効率よく運用したい人</li>
</ul>
</div>
[/st-minihukidashi]
日本初のASPとして1999年に誕生した、<span class=""hutoaka"">信頼と実績のあるサービス</span>です。

Yahoo!ショッピングのアフィリエイトを扱えるのはバリューコマースだけ。

大手企業・有名ECサイトの案件が充実しているので、「信頼できるブランドの商品を紹介したい」という方に特に向いています。

コンテンツに合わせて広告を自動表示してくれる<span class=""st-mymarker-s"">「おまかせ広告」機能も便利</span>です。

また、会員ランク制度があり、成果を積み上げるほど特典や報酬条件が有利になっていく仕組みも魅力のひとつです。
[st_af id=""2784""]

<h2>Reluxのアフィリエイト情報</h2>
<table style=""border-collapse: collapse; width: 100%;"">
<tbody>
<tr>
<td style=""width: 50%; text-align: center; vertical-align: middle; background-color: #4a4a4a;""><strong><span style=""color: #ffffff;"">案件名</span></strong></td>
<td style=""width: 50%; text-align: center; vertical-align: middle;"">Relux</td>
</tr>
<tr>
<td style=""width: 50%; text-align: center; vertical-align: middle; background-color: #4a4a4a;""><strong><span style=""color: #ffffff;"">運営会社</span></strong></td>
<td style=""width: 50%; text-align: center; vertical-align: middle;"">株式会社Loco Partners</td>
</tr>
<tr>
<td style=""width: 50%; text-align: center; vertical-align: middle; background-color: #4a4a4a;""><strong><span style=""color: #ffffff;"">公式サイト</span></strong></td>
<td style=""width: 50%; text-align: center; vertical-align: middle;""><a href=""https://rlx.jp/"" target=""_blank"" rel=""noopener"">Relux</a></td>
</tr>
<tr>
<td style=""width: 50%; text-align: center; vertical-align: middle; background-color: #4a4a4a;""><strong><span style=""color: #ffffff;"">ジャンル</span></strong></td>
<td style=""width: 50%; text-align: center; vertical-align: middle;"">物販</td>
</tr>
<tr>
<td style=""width: 50%; text-align: center; vertical-align: middle; background-color: #4a4a4a;""><strong><span style=""color: #ffffff;"">報酬単価</span></strong></td>
<td style=""width: 50%; text-align: center; vertical-align: middle;"">予約金額の2%（平均約1,000円）</td>
</tr>
<tr>
<td style=""width: 50%; text-align: center; vertical-align: middle; background-color: #4a4a4a;""><strong><span style=""color: #ffffff;"">成果条件</span></strong></td>
<td style=""width: 50%; text-align: center; vertical-align: middle;"">予約完了</td>
</tr>
<tr>
<td style=""width: 50%; text-align: center; vertical-align: middle; background-color: #4a4a4a;""><strong><span style=""color: #ffffff;"">確定率</span></strong></td>
<td style=""width: 50%; text-align: center; vertical-align: middle;"">不明</td>
</tr>
<tr>
<td style=""width: 50%; text-align: center; vertical-align: middle; background-color: #4a4a4a;""><strong><span style=""color: #ffffff;"">CVR</span></strong></td>
<td style=""width: 50%; text-align: center; vertical-align: middle;"">不明</td>
</tr>
<tr>
<td style=""width: 50%; text-align: center; vertical-align: middle; background-color: #4a4a4a;""><strong><span style=""color: #ffffff;"">EPC</span></strong></td>
<td style=""width: 50%; text-align: center; vertical-align: middle;"">不明</td>
</tr>
<tr>
<td style=""width: 50%; text-align: center; vertical-align: middle; background-color: #4a4a4a;""><strong><span style=""color: #ffffff;"">承認基準</span></strong></td>
<td style=""width: 50%; text-align: center; vertical-align: middle;"">入金確認（チェックアウト時承認）</td>
</tr>
</tbody>
</table>
旅行先の宿選びで失敗したくない、特別な日にふさわしい宿を見つけたい――そんな方に選ばれているのがReluxです。

100項目以上の審査基準をクリアした<span class=""hutoaka"">一流旅館・ホテルだけを厳選</span>して掲載しており、どの宿を選んでも満足度の高い滞在が期待できます。

最大6%のポイント還元も魅力で、リピーターが多いサービスとしても知られています。

アフィリエイト案件としての注目ポイントは、<span class=""st-mymarker-s"">平均宿泊単価が約5万円と高額</span>なことです。

定率報酬2%でも1件あたり約1,000円の報酬が見込め、大手予約サイトの同条件と比べて約5倍の差がつくケースもあります。

成果条件は予約完了で、チェックアウト時に承認されるため成果の流れも明確です。

ターゲットとしては、記念日旅行や贅沢な週末旅を計画している層に響きやすく、「高級ホテルおすすめ」「記念日 旅館」といった検索キーワードとの相性が抜群です。

Reluxはバリューコマースで提携できます。
[st_af id=""2784""]",draft,,,relux
