ページURL,リンク先URL,アンカーテキスト
http://uro-fujita-clinic.jp/access.html,,
http://uro-fujita-clinic.jp/guide.html,,
http://uro-fujita-clinic.jp/news.html,,
http://uro-fujita-clinic.jp/news_detail1.html,,
http://uro-fujita-clinic.jp/news_detail10.html,,
http://uro-fujita-clinic.jp/news_detail11.html,,
http://uro-fujita-clinic.jp/news_detail15.html,,
http://uro-fujita-clinic.jp/news_detail5.html,,
http://uro-fujita-clinic.jp/shinryo.html,,
http://www.uro-fujita-clinic.jp:80/,http://fujitaclinic.blog60.fc2.com/,
http://www.uro-fujita-clinic.jp:80/,http://fujitaclinic.blog60.fc2.com/,
http://www.uro-fujita-clinic.jp:80/01syoukai/syoukai.html,http://fujitaclinic.blog60.fc2.com/,
http://www.uro-fujita-clinic.jp:80/03innai/innai.html,http://fujitaclinic.blog60.fc2.com/,
http://www.uro-fujita-clinic.jp:80/04access/access.html,http://fujitaclinic.blog60.fc2.com/,
http://www.uro-fujita-clinic.jp:80/05calender/calender.html,http://fujitaclinic.blog60.fc2.com/,
http://www.uro-fujita-clinic.jp:80/formmail/contact.html,,
http://www.uro-fujita-clinic.jp:80/index.html,http://fujitaclinic.blog60.fc2.com/,
http://www.uro-fujita-clinic.jp:80/index.html,http://fujitaclinic.blog60.fc2.com/,
