h-karin.jp,鶯谷ラブホテル・レジャーホテル「カリン」
jindaiko-honpo.jp,鉋(かんな) 鑿(のみ) 彫刻刀などの本格大工道具の販売｜陣太鼓本舗 【株式会社久住】
knox-armour.jp,繝舌う繧ｯ逕ｨ繝励Ο繝?け繧ｷ繝ｧ繝ｳ繧ｰ繝ｭ繝ｼ繝? | KNOX(繝弱ャ繧ｯ繧ｹ)
wakayama-aridaiju.jp,和歌山県有田市移住サイト【ありたーん】
wpa-pharmacy.jp,和歌山県薬局機能情報提供システム
roudou-hoken.jp,労働保険.JP
ryokucha-meijin.jp,緑茶名人｜緑茶の通販サイト
ryukeien.jp,旅館 流憩園（りゅうけいえん）公式ホームページ｜熊本県阿蘇郡南小国町田の原温泉 - 湯量豊富な源泉を持つ自然に包まれた湯ごもり宿｜お電話でご予約のお客様にお得なポイントカードを発行中
tachibanaayaka.jp,立花綾香 Official Website
takata-cityhall.jp,陸前高田市民文化会館 | 奇跡の一本松ホール
i-deal.jp,
yorokko.jp,
ryokusone.jp,
